UserID,ItemID,Rating,Dimension,Condition
1001,715,2,weather,sunny
1001,267,4,weather,sunny
1001,294,2,weather,sunny
1001,259,4,weather,snowing
1001,674,2,weather,rainy
1001,674,2,weather,cloudy
1001,259,4,weather,cloudy
1001,715,2,trafficConditions,traffic jam
1001,285,4,trafficConditions,lots of cars
1001,279,2,sleepiness,sleepy
1001,754,2,sleepiness,sleepy
1001,694,4,sleepiness,awake
1001,251,2,sleepiness,awake
1001,279,2,sleepiness,awake
1001,267,4,RoadType,city
1001,285,4,naturalphenomena,night
1001,279,4,naturalphenomena,night
1001,285,4,naturalphenomena,morning
1001,754,2,naturalphenomena,morning
1001,715,3,mood,sad
1001,694,0,mood,lazy
1001,294,2,mood,lazy
1001,251,3,mood,active
1001,251,2,landscape,urban
1001,294,4,landscape,mountains
1001,674,3,landscape,mountains
1001,267,4,landscape,country side
1001,694,4,landscape,coast line
1001,754,2,DrivingStyle,relaxed driving
1001,259,4,DrivingStyle,relaxed driving
1002,279,1,weather,sunny
1002,250,1,weather,sunny
1002,702,3,weather,sunny
1002,714,1,weather,snowing
1002,762,3,weather,snowing
1002,275,3,weather,snowing
1002,295,5,weather,snowing
1002,757,1,weather,snowing
1002,727,1,weather,snowing
1002,715,5,weather,rainy
1002,256,1,weather,rainy
1002,702,4,weather,rainy
1002,726,4,weather,rainy
1002,730,3,weather,rainy
1002,715,3,weather,cloudy
1002,251,3,weather,cloudy
1002,762,1,trafficConditions,traffic jam
1002,718,1,trafficConditions,traffic jam
1002,256,1,trafficConditions,traffic jam
1002,745,2,trafficConditions,traffic jam
1002,263,5,trafficConditions,traffic jam
1002,757,1,trafficConditions,traffic jam
1002,295,2,trafficConditions,traffic jam
1002,732,1,trafficConditions,traffic jam
1002,718,1,trafficConditions,lots of cars
1002,683,3,trafficConditions,lots of cars
1002,751,3,trafficConditions,lots of cars
1002,250,1,trafficConditions,free road
1002,718,2,trafficConditions,free road
1002,757,1,trafficConditions,free road
1002,732,1,trafficConditions,free road
1002,751,1,trafficConditions,free road
1002,719,1,RoadType,serpentine
1002,716,1,RoadType,serpentine
1002,745,5,RoadType,highway
1002,714,1,RoadType,highway
1002,295,4,RoadType,highway
1002,737,1,RoadType,highway
1002,275,2,RoadType,highway
1002,273,2,RoadType,city
1002,676,2,RoadType,city
1002,251,3,RoadType,city
1002,683,4,RoadType,city
1002,737,1,RoadType,city
1002,730,3,naturalphenomena,night
1002,716,2,naturalphenomena,night
1002,727,2,naturalphenomena,night
1002,714,3,naturalphenomena,morning
1002,250,2,naturalphenomena,day time
1002,279,1,naturalphenomena,day time
1002,760,4,naturalphenomena,day time
1002,748,1,naturalphenomena,afternoon
1002,702,3,naturalphenomena,afternoon
1002,676,1,naturalphenomena,afternoon
1002,748,1,mood,sad
1002,744,1,mood,sad
1002,760,5,mood,sad
1002,279,1,mood,lazy
1002,744,2,mood,lazy
1002,273,1,mood,happy
1002,676,1,mood,happy
1002,716,1,mood,active
1002,263,5,mood,active
1002,715,4,landscape,urban
1002,751,2,landscape,urban
1002,273,1,landscape,mountains
1002,743,2,landscape,mountains
1002,256,1,landscape,country side
1002,748,1,landscape,country side
1002,719,1,landscape,country side
1002,737,1,landscape,country side
1002,726,3,landscape,country side
1002,690,1,landscape,country side
1002,744,1,landscape,country side
1002,732,1,landscape,coast line
1002,251,3,landscape,coast line
1002,743,1,landscape,coast line
1002,263,5,landscape,coast line
1002,745,4,DrivingStyle,sport driving
1002,719,1,DrivingStyle,sport driving
1002,683,4,DrivingStyle,sport driving
1002,727,1,DrivingStyle,sport driving
1002,743,1,DrivingStyle,sport driving
1002,275,1,DrivingStyle,sport driving
1002,726,4,DrivingStyle,sport driving
1002,690,1,DrivingStyle,sport driving
1002,760,5,DrivingStyle,sport driving
1002,730,1,DrivingStyle,sport driving
1002,762,1,DrivingStyle,relaxed driving
1002,690,1,DrivingStyle,relaxed driving
1003,736,1,weather,sunny
1003,269,1,weather,snowing
1003,757,3,weather,rainy
1003,296,2,weather,cloudy
1003,711,1,trafficConditions,lots of cars
1003,269,2,trafficConditions,lots of cars
1003,757,3,trafficConditions,lots of cars
1003,741,1,trafficConditions,lots of cars
1003,759,1,trafficConditions,free road
1003,762,2,trafficConditions,free road
1003,257,1,sleepiness,sleepy
1003,257,2,sleepiness,awake
1003,739,2,RoadType,serpentine
1003,257,1,RoadType,highway
1003,296,2,RoadType,highway
1003,736,1,RoadType,city
1003,757,2,RoadType,city
1003,271,2,naturalphenomena,night
1003,739,2,naturalphenomena,night
1003,296,2,naturalphenomena,morning
1003,271,3,naturalphenomena,morning
1003,676,3,naturalphenomena,morning
1003,759,2,naturalphenomena,afternoon
1003,676,2,mood,sad
1003,741,2,mood,sad
1003,759,1,mood,lazy
1003,736,1,mood,active
1003,271,1,landscape,mountains
1003,762,1,landscape,mountains
1003,711,1,landscape,country side
1003,739,1,landscape,coast line
1003,711,1,DrivingStyle,sport driving
1003,269,2,DrivingStyle,sport driving
1003,762,1,DrivingStyle,relaxed driving
1003,676,2,DrivingStyle,relaxed driving
1003,741,1,DrivingStyle,relaxed driving
1004,266,5,weather,sunny
1004,741,1,weather,rainy
1004,741,1,weather,cloudy
1004,741,1,trafficConditions,traffic jam
1004,266,4,sleepiness,awake
1004,256,1,sleepiness,awake
1004,735,1,naturalphenomena,day time
1004,701,1,mood,sad
1004,256,1,mood,lazy
1004,701,3,mood,happy
1004,256,1,mood,active
1004,735,2,mood,active
1004,701,3,landscape,urban
1004,735,1,DrivingStyle,relaxed driving
1004,266,3,DrivingStyle,relaxed driving
1005,747,2,weather,sunny
1005,269,2,weather,snowing
1005,747,1,weather,snowing
1005,273,3,weather,rainy
1005,732,3,weather,cloudy
1005,748,2,weather,cloudy
1005,279,2,weather,cloudy
1005,264,1,weather,cloudy
1005,700,1,trafficConditions,traffic jam
1005,721,1,trafficConditions,traffic jam
1005,279,1,trafficConditions,lots of cars
1005,708,1,trafficConditions,lots of cars
1005,758,2,trafficConditions,lots of cars
1005,250,1,trafficConditions,free road
1005,263,5,trafficConditions,free road
1005,269,2,trafficConditions,free road
1005,279,2,trafficConditions,free road
1005,676,4,trafficConditions,free road
1005,708,5,sleepiness,sleepy
1005,273,4,sleepiness,sleepy
1005,251,1,sleepiness,sleepy
1005,250,3,sleepiness,awake
1005,700,1,RoadType,serpentine
1005,687,2,RoadType,serpentine
1005,287,5,RoadType,serpentine
1005,262,4,RoadType,serpentine
1005,732,3,RoadType,highway
1005,700,3,RoadType,highway
1005,264,4,RoadType,highway
1005,262,1,RoadType,city
1005,708,5,naturalphenomena,night
1005,262,2,naturalphenomena,night
1005,250,1,naturalphenomena,morning
1005,748,3,naturalphenomena,day time
1005,687,2,naturalphenomena,afternoon
1005,287,5,naturalphenomena,afternoon
1005,264,2,naturalphenomena,afternoon
1005,287,5,mood,sad
1005,748,4,mood,sad
1005,707,3,mood,lazy
1005,758,4,mood,lazy
1005,263,5,mood,happy
1005,737,2,mood,happy
1005,677,3,mood,active
1005,732,4,mood,active
1005,721,2,mood,active
1005,677,2,landscape,urban
1005,707,2,landscape,urban
1005,747,1,landscape,urban
1005,721,3,landscape,urban
1005,269,1,landscape,mountains
1005,758,3,landscape,mountains
1005,251,1,landscape,mountains
1005,251,1,landscape,coast line
1005,737,3,landscape,coast line
1005,707,4,DrivingStyle,sport driving
1005,676,4,DrivingStyle,sport driving
1005,677,4,DrivingStyle,relaxed driving
1005,263,4,DrivingStyle,relaxed driving
1005,273,2,DrivingStyle,relaxed driving
1005,687,2,DrivingStyle,relaxed driving
1005,676,3,DrivingStyle,relaxed driving
1005,737,2,DrivingStyle,relaxed driving
1006,679,3,weather,sunny
1006,270,2,weather,sunny
1006,282,1,weather,sunny
1006,678,1,weather,sunny
1006,701,3,weather,snowing
1006,736,4,weather,snowing
1006,286,2,weather,snowing
1006,696,2,weather,snowing
1006,743,2,weather,snowing
1006,271,1,weather,snowing
1006,261,1,weather,snowing
1006,272,1,weather,snowing
1006,250,3,weather,snowing
1006,699,1,weather,snowing
1006,697,2,weather,snowing
1006,253,3,weather,snowing
1006,727,1,weather,snowing
1006,714,3,weather,snowing
1006,276,2,weather,snowing
1006,256,4,weather,rainy
1006,268,2,weather,rainy
1006,691,3,weather,rainy
1006,251,1,weather,rainy
1006,260,3,weather,rainy
1006,267,3,weather,rainy
1006,256,4,weather,cloudy
1006,264,4,weather,cloudy
1006,758,1,weather,cloudy
1006,708,3,weather,cloudy
1006,681,3,weather,cloudy
1006,689,4,weather,cloudy
1006,272,1,weather,cloudy
1006,709,2,weather,cloudy
1006,295,3,weather,cloudy
1006,251,1,weather,cloudy
1006,727,1,weather,cloudy
1006,678,1,weather,cloudy
1006,693,1,weather,cloudy
1006,285,1,weather,cloudy
1006,714,2,weather,cloudy
1006,252,3,weather,cloudy
1006,716,1,trafficConditions,traffic jam
1006,754,5,trafficConditions,traffic jam
1006,711,1,trafficConditions,traffic jam
1006,735,2,trafficConditions,traffic jam
1006,725,4,trafficConditions,traffic jam
1006,694,1,trafficConditions,traffic jam
1006,689,2,trafficConditions,traffic jam
1006,719,3,trafficConditions,traffic jam
1006,253,2,trafficConditions,traffic jam
1006,682,1,trafficConditions,traffic jam
1006,280,1,trafficConditions,traffic jam
1006,260,3,trafficConditions,traffic jam
1006,683,2,trafficConditions,traffic jam
1006,680,3,trafficConditions,lots of cars
1006,734,1,trafficConditions,lots of cars
1006,729,1,trafficConditions,lots of cars
1006,696,4,trafficConditions,lots of cars
1006,287,1,trafficConditions,lots of cars
1006,694,1,trafficConditions,lots of cars
1006,249,4,trafficConditions,lots of cars
1006,692,1,trafficConditions,lots of cars
1006,699,1,trafficConditions,lots of cars
1006,251,1,trafficConditions,lots of cars
1006,723,1,trafficConditions,lots of cars
1006,267,2,trafficConditions,lots of cars
1006,686,4,trafficConditions,lots of cars
1006,675,2,trafficConditions,lots of cars
1006,754,4,trafficConditions,free road
1006,266,5,trafficConditions,free road
1006,248,4,trafficConditions,free road
1006,297,2,trafficConditions,free road
1006,760,4,trafficConditions,free road
1006,752,1,trafficConditions,free road
1006,272,1,trafficConditions,free road
1006,728,1,trafficConditions,free road
1006,683,5,trafficConditions,free road
1006,268,1,sleepiness,sleepy
1006,254,1,sleepiness,sleepy
1006,269,2,sleepiness,sleepy
1006,715,1,sleepiness,sleepy
1006,248,2,sleepiness,sleepy
1006,745,4,sleepiness,sleepy
1006,252,4,sleepiness,sleepy
1006,264,5,sleepiness,awake
1006,269,4,sleepiness,awake
1006,741,3,sleepiness,awake
1006,756,1,sleepiness,awake
1006,271,1,sleepiness,awake
1006,278,1,sleepiness,awake
1006,297,3,sleepiness,awake
1006,691,2,sleepiness,awake
1006,293,4,sleepiness,awake
1006,279,1,sleepiness,awake
1006,282,1,sleepiness,awake
1006,273,5,RoadType,serpentine
1006,674,2,RoadType,serpentine
1006,729,1,RoadType,serpentine
1006,735,2,RoadType,serpentine
1006,287,1,RoadType,serpentine
1006,710,1,RoadType,serpentine
1006,703,4,RoadType,serpentine
1006,752,1,RoadType,serpentine
1006,761,1,RoadType,serpentine
1006,712,2,RoadType,serpentine
1006,709,1,RoadType,serpentine
1006,714,1,RoadType,serpentine
1006,282,1,RoadType,serpentine
1006,693,1,RoadType,serpentine
1006,273,5,RoadType,highway
1006,748,1,RoadType,highway
1006,681,3,RoadType,highway
1006,743,2,RoadType,highway
1006,754,4,RoadType,highway
1006,263,4,RoadType,highway
1006,718,1,RoadType,highway
1006,250,4,RoadType,highway
1006,732,2,RoadType,highway
1006,277,4,RoadType,highway
1006,280,2,RoadType,highway
1006,676,4,RoadType,highway
1006,276,1,RoadType,highway
1006,273,4,RoadType,city
1006,758,1,RoadType,city
1006,708,2,RoadType,city
1006,734,1,RoadType,city
1006,736,3,RoadType,city
1006,759,4,RoadType,city
1006,695,4,RoadType,city
1006,743,2,RoadType,city
1006,756,1,RoadType,city
1006,263,3,RoadType,city
1006,748,1,RoadType,city
1006,753,3,RoadType,city
1006,270,4,RoadType,city
1006,296,3,RoadType,city
1006,717,1,RoadType,city
1006,278,1,RoadType,city
1006,287,2,RoadType,city
1006,297,3,RoadType,city
1006,261,3,RoadType,city
1006,691,2,RoadType,city
1006,761,1,RoadType,city
1006,730,2,RoadType,city
1006,687,3,RoadType,city
1006,728,1,RoadType,city
1006,294,2,RoadType,city
1006,280,1,RoadType,city
1006,678,1,RoadType,city
1006,753,4,naturalphenomena,night
1006,715,3,naturalphenomena,night
1006,278,3,naturalphenomena,night
1006,723,1,naturalphenomena,night
1006,264,5,naturalphenomena,morning
1006,291,3,naturalphenomena,morning
1006,674,2,naturalphenomena,morning
1006,681,3,naturalphenomena,morning
1006,694,1,naturalphenomena,morning
1006,712,3,naturalphenomena,morning
1006,295,4,naturalphenomena,morning
1006,757,1,naturalphenomena,morning
1006,675,3,naturalphenomena,morning
1006,256,2,naturalphenomena,day time
1006,268,2,naturalphenomena,day time
1006,758,1,naturalphenomena,day time
1006,254,2,naturalphenomena,day time
1006,695,3,naturalphenomena,day time
1006,732,2,naturalphenomena,day time
1006,705,1,naturalphenomena,day time
1006,723,1,naturalphenomena,day time
1006,693,1,naturalphenomena,day time
1006,291,4,naturalphenomena,afternoon
1006,286,4,naturalphenomena,afternoon
1006,269,4,naturalphenomena,afternoon
1006,740,1,naturalphenomena,afternoon
1006,266,4,naturalphenomena,afternoon
1006,719,4,naturalphenomena,afternoon
1006,752,1,naturalphenomena,afternoon
1006,739,3,naturalphenomena,afternoon
1006,296,2,mood,sad
1006,710,1,mood,sad
1006,717,1,mood,sad
1006,293,2,mood,sad
1006,724,1,mood,sad
1006,294,1,mood,sad
1006,252,2,mood,sad
1006,741,4,mood,lazy
1006,696,4,mood,lazy
1006,735,4,mood,lazy
1006,740,1,mood,lazy
1006,715,1,mood,lazy
1006,703,2,mood,lazy
1006,248,5,mood,lazy
1006,760,2,mood,lazy
1006,705,1,mood,lazy
1006,279,1,mood,lazy
1006,697,2,mood,lazy
1006,748,1,mood,happy
1006,733,1,mood,happy
1006,293,4,mood,happy
1006,692,1,mood,happy
1006,682,1,mood,happy
1006,285,1,mood,happy
1006,733,1,mood,active
1006,679,4,mood,active
1006,710,2,mood,active
1006,271,1,mood,active
1006,249,2,mood,active
1006,718,1,mood,active
1006,250,2,mood,active
1006,728,1,mood,active
1006,277,2,mood,active
1006,253,3,mood,active
1006,704,1,mood,active
1006,739,2,mood,active
1006,259,1,mood,active
1006,254,2,landscape,urban
1006,734,1,landscape,urban
1006,736,3,landscape,urban
1006,695,4,landscape,urban
1006,674,3,landscape,urban
1006,712,2,landscape,urban
1006,279,1,landscape,urban
1006,732,3,landscape,urban
1006,686,2,landscape,urban
1006,729,1,landscape,mountains
1006,286,4,landscape,mountains
1006,711,2,landscape,mountains
1006,266,4,landscape,mountains
1006,261,4,landscape,mountains
1006,761,1,landscape,mountains
1006,699,1,landscape,mountains
1006,277,2,landscape,mountains
1006,687,2,landscape,mountains
1006,697,3,landscape,mountains
1006,262,2,landscape,mountains
1006,757,1,landscape,mountains
1006,267,3,landscape,mountains
1006,745,3,landscape,mountains
1006,759,2,landscape,country side
1006,753,4,landscape,country side
1006,249,4,landscape,country side
1006,724,2,landscape,country side
1006,262,3,landscape,country side
1006,260,2,landscape,country side
1006,686,3,landscape,country side
1006,259,2,landscape,country side
1006,276,1,landscape,country side
1006,680,3,landscape,coast line
1006,711,2,landscape,coast line
1006,270,2,landscape,coast line
1006,725,2,landscape,coast line
1006,718,1,landscape,coast line
1006,692,2,landscape,coast line
1006,709,3,landscape,coast line
1006,745,2,landscape,coast line
1006,704,1,landscape,coast line
1006,676,2,landscape,coast line
1006,683,3,landscape,coast line
1006,741,4,DrivingStyle,sport driving
1006,680,0,DrivingStyle,sport driving
1006,716,1,DrivingStyle,sport driving
1006,701,2,DrivingStyle,sport driving
1006,756,1,DrivingStyle,sport driving
1006,725,3,DrivingStyle,sport driving
1006,740,1,DrivingStyle,sport driving
1006,296,1,DrivingStyle,sport driving
1006,703,3,DrivingStyle,sport driving
1006,263,4,DrivingStyle,sport driving
1006,689,4,DrivingStyle,sport driving
1006,717,3,DrivingStyle,sport driving
1006,760,4,DrivingStyle,sport driving
1006,719,3,DrivingStyle,sport driving
1006,730,1,DrivingStyle,sport driving
1006,687,4,DrivingStyle,sport driving
1006,262,2,DrivingStyle,sport driving
1006,682,1,DrivingStyle,sport driving
1006,295,2,DrivingStyle,sport driving
1006,757,1,DrivingStyle,sport driving
1006,294,1,DrivingStyle,sport driving
1006,676,4,DrivingStyle,sport driving
1006,291,5,DrivingStyle,relaxed driving
1006,708,4,DrivingStyle,relaxed driving
1006,716,2,DrivingStyle,relaxed driving
1006,701,2,DrivingStyle,relaxed driving
1006,679,4,DrivingStyle,relaxed driving
1006,759,2,DrivingStyle,relaxed driving
1006,733,2,DrivingStyle,relaxed driving
1006,730,3,DrivingStyle,relaxed driving
1006,724,1,DrivingStyle,relaxed driving
1006,705,1,DrivingStyle,relaxed driving
1006,727,1,DrivingStyle,relaxed driving
1006,739,4,DrivingStyle,relaxed driving
1006,259,1,DrivingStyle,relaxed driving
1006,285,2,DrivingStyle,relaxed driving
1006,704,1,DrivingStyle,relaxed driving
1006,675,4,DrivingStyle,relaxed driving
1007,739,4,weather,sunny
1007,686,1,weather,rainy
1007,714,2,trafficConditions,traffic jam
1007,256,1,trafficConditions,traffic jam
1007,266,5,trafficConditions,free road
1007,266,4,sleepiness,sleepy
1007,714,1,sleepiness,sleepy
1007,256,1,sleepiness,sleepy
1007,260,4,sleepiness,awake
1007,256,1,RoadType,highway
1007,714,4,RoadType,city
1007,266,4,naturalphenomena,night
1007,686,2,mood,lazy
1007,260,3,mood,active
1007,686,1,landscape,urban
1007,739,2,landscape,mountains
1007,260,4,landscape,mountains
1007,739,3,landscape,country side
1008,295,2,weather,sunny
1008,693,2,weather,sunny
1008,291,2,weather,rainy
1008,711,1,weather,rainy
1008,761,1,weather,rainy
1008,750,0,weather,cloudy
1008,684,1,weather,cloudy
1008,264,1,trafficConditions,traffic jam
1008,693,1,trafficConditions,traffic jam
1008,285,1,trafficConditions,traffic jam
1008,281,2,trafficConditions,traffic jam
1008,283,2,trafficConditions,traffic jam
1008,261,1,trafficConditions,lots of cars
1008,711,1,trafficConditions,lots of cars
1008,255,3,trafficConditions,free road
1008,750,1,trafficConditions,free road
1008,274,1,trafficConditions,free road
1008,689,5,trafficConditions,free road
1008,691,1,trafficConditions,free road
1008,727,2,trafficConditions,free road
1008,270,1,sleepiness,sleepy
1008,255,0,sleepiness,awake
1008,759,0,sleepiness,awake
1008,264,2,sleepiness,awake
1008,291,3,RoadType,serpentine
1008,273,1,RoadType,highway
1008,750,0,RoadType,highway
1008,281,4,RoadType,highway
1008,295,0,RoadType,city
1008,270,2,RoadType,city
1008,761,2,naturalphenomena,night
1008,721,1,naturalphenomena,night
1008,691,1,naturalphenomena,morning
1008,283,4,naturalphenomena,day time
1008,721,1,naturalphenomena,day time
1008,739,1,naturalphenomena,day time
1008,255,0,naturalphenomena,afternoon
1008,264,2,naturalphenomena,afternoon
1008,739,1,naturalphenomena,afternoon
1008,701,1,mood,sad
1008,281,1,mood,sad
1008,295,1,mood,lazy
1008,273,2,mood,happy
1008,291,3,mood,happy
1008,261,3,mood,happy
1008,684,3,mood,happy
1008,746,4,mood,happy
1008,701,1,mood,happy
1008,273,0,mood,active
1008,727,1,mood,active
1008,285,1,mood,active
1008,691,1,landscape,urban
1008,721,1,landscape,urban
1008,695,1,landscape,mountains
1008,746,3,landscape,country side
1008,727,2,landscape,country side
1008,689,4,landscape,country side
1008,711,1,landscape,country side
1008,274,1,landscape,coast line
1008,746,4,landscape,coast line
1008,695,1,landscape,coast line
1008,701,1,landscape,coast line
1008,759,2,DrivingStyle,sport driving
1008,270,1,DrivingStyle,sport driving
1008,693,1,DrivingStyle,sport driving
1008,283,3,DrivingStyle,sport driving
1008,684,1,DrivingStyle,sport driving
1008,761,1,DrivingStyle,sport driving
1008,285,1,DrivingStyle,sport driving
1008,695,1,DrivingStyle,sport driving
1008,759,0,DrivingStyle,relaxed driving
1008,739,1,DrivingStyle,relaxed driving
1008,261,3,DrivingStyle,relaxed driving
1008,689,4,DrivingStyle,relaxed driving
1008,274,2,DrivingStyle,relaxed driving
1009,286,3,weather,sunny
1009,276,4,weather,sunny
1009,277,4,weather,sunny
1009,262,5,weather,sunny
1009,743,2,weather,sunny
1009,706,3,weather,sunny
1009,679,2,weather,sunny
1009,762,1,weather,sunny
1009,754,2,weather,sunny
1009,701,1,weather,sunny
1009,292,3,weather,snowing
1009,282,1,weather,snowing
1009,293,1,weather,snowing
1009,251,5,weather,snowing
1009,684,2,weather,snowing
1009,740,2,weather,snowing
1009,676,1,weather,snowing
1009,283,2,weather,rainy
1009,251,4,weather,rainy
1009,741,2,weather,rainy
1009,291,3,weather,cloudy
1009,288,2,weather,cloudy
1009,263,3,weather,cloudy
1009,250,4,weather,cloudy
1009,270,1,weather,cloudy
1009,249,4,weather,cloudy
1009,273,5,weather,cloudy
1009,713,1,weather,cloudy
1009,684,3,weather,cloudy
1009,741,2,weather,cloudy
1009,288,3,trafficConditions,traffic jam
1009,281,1,trafficConditions,traffic jam
1009,249,5,trafficConditions,traffic jam
1009,724,2,trafficConditions,traffic jam
1009,715,1,trafficConditions,traffic jam
1009,273,4,trafficConditions,traffic jam
1009,714,1,trafficConditions,traffic jam
1009,680,1,trafficConditions,traffic jam
1009,752,1,trafficConditions,traffic jam
1009,707,1,trafficConditions,traffic jam
1009,692,1,trafficConditions,traffic jam
1009,739,1,trafficConditions,traffic jam
1009,283,2,trafficConditions,lots of cars
1009,724,3,trafficConditions,lots of cars
1009,676,1,trafficConditions,lots of cars
1009,740,1,trafficConditions,lots of cars
1009,714,1,trafficConditions,lots of cars
1009,253,5,trafficConditions,lots of cars
1009,292,3,trafficConditions,free road
1009,267,3,trafficConditions,free road
1009,286,2,trafficConditions,free road
1009,274,4,trafficConditions,free road
1009,751,2,trafficConditions,free road
1009,278,1,trafficConditions,free road
1009,285,2,trafficConditions,free road
1009,267,2,sleepiness,sleepy
1009,266,2,sleepiness,sleepy
1009,268,1,sleepiness,sleepy
1009,271,1,sleepiness,sleepy
1009,270,1,sleepiness,sleepy
1009,249,4,sleepiness,sleepy
1009,253,4,sleepiness,sleepy
1009,689,1,sleepiness,sleepy
1009,274,4,sleepiness,awake
1009,267,3,sleepiness,awake
1009,254,5,sleepiness,awake
1009,749,3,sleepiness,awake
1009,269,2,sleepiness,awake
1009,678,2,sleepiness,awake
1009,255,4,sleepiness,awake
1009,273,5,sleepiness,awake
1009,732,1,sleepiness,awake
1009,286,1,RoadType,serpentine
1009,274,3,RoadType,serpentine
1009,274,4,RoadType,serpentine
1009,262,3,RoadType,serpentine
1009,269,2,RoadType,serpentine
1009,715,1,RoadType,serpentine
1009,255,3,RoadType,serpentine
1009,684,3,RoadType,serpentine
1009,690,2,RoadType,serpentine
1009,291,3,RoadType,highway
1009,271,1,RoadType,highway
1009,270,1,RoadType,highway
1009,751,3,RoadType,highway
1009,715,1,RoadType,highway
1009,706,3,RoadType,highway
1009,697,2,RoadType,highway
1009,759,1,RoadType,highway
1009,725,1,RoadType,highway
1009,716,1,RoadType,highway
1009,292,3,RoadType,city
1009,272,2,RoadType,city
1009,293,1,RoadType,city
1009,293,1,RoadType,city
1009,274,5,RoadType,city
1009,724,2,RoadType,city
1009,690,2,RoadType,city
1009,743,1,RoadType,city
1009,296,1,RoadType,city
1009,707,1,RoadType,city
1009,692,2,RoadType,city
1009,282,2,naturalphenomena,night
1009,284,2,naturalphenomena,night
1009,294,3,naturalphenomena,night
1009,263,4,naturalphenomena,night
1009,679,3,naturalphenomena,night
1009,255,4,naturalphenomena,night
1009,296,1,naturalphenomena,night
1009,253,5,naturalphenomena,night
1009,752,2,naturalphenomena,night
1009,263,3,naturalphenomena,morning
1009,271,2,naturalphenomena,morning
1009,717,1,naturalphenomena,morning
1009,740,1,naturalphenomena,morning
1009,278,1,naturalphenomena,morning
1009,733,3,naturalphenomena,morning
1009,748,1,naturalphenomena,morning
1009,293,2,naturalphenomena,day time
1009,691,1,naturalphenomena,day time
1009,713,1,naturalphenomena,day time
1009,296,1,naturalphenomena,day time
1009,731,1,naturalphenomena,day time
1009,739,1,naturalphenomena,day time
1009,272,2,naturalphenomena,afternoon
1009,268,2,naturalphenomena,afternoon
1009,691,1,naturalphenomena,afternoon
1009,754,2,naturalphenomena,afternoon
1009,690,2,naturalphenomena,afternoon
1009,748,1,naturalphenomena,afternoon
1009,289,4,mood,sad
1009,276,5,mood,sad
1009,277,3,mood,sad
1009,717,1,mood,sad
1009,676,1,mood,sad
1009,739,1,mood,sad
1009,291,3,mood,lazy
1009,254,5,mood,lazy
1009,281,1,mood,lazy
1009,713,1,mood,lazy
1009,697,2,mood,lazy
1009,716,1,mood,lazy
1009,283,3,mood,happy
1009,254,5,mood,happy
1009,728,1,mood,happy
1009,678,3,mood,happy
1009,751,2,mood,happy
1009,701,1,mood,happy
1009,293,3,mood,active
1009,686,1,mood,active
1009,748,1,mood,active
1009,731,1,mood,active
1009,294,1,landscape,urban
1009,272,2,landscape,urban
1009,259,2,landscape,urban
1009,267,3,landscape,urban
1009,266,0,landscape,urban
1009,250,3,landscape,urban
1009,717,1,landscape,urban
1009,743,1,landscape,urban
1009,714,1,landscape,urban
1009,762,1,landscape,urban
1009,733,3,landscape,urban
1009,251,4,landscape,urban
1009,686,1,landscape,urban
1009,293,1,landscape,mountains
1009,266,2,landscape,mountains
1009,749,3,landscape,mountains
1009,762,1,landscape,mountains
1009,706,3,landscape,mountains
1009,716,1,landscape,mountains
1009,692,1,landscape,mountains
1009,284,1,landscape,country side
1009,291,4,landscape,country side
1009,250,4,landscape,country side
1009,728,1,landscape,country side
1009,678,2,landscape,country side
1009,731,1,landscape,country side
1009,759,1,landscape,country side
1009,278,1,landscape,country side
1009,689,1,landscape,country side
1009,285,1,landscape,country side
1009,267,4,landscape,coast line
1009,282,2,landscape,coast line
1009,289,4,landscape,coast line
1009,259,3,landscape,coast line
1009,276,4,landscape,coast line
1009,288,3,landscape,coast line
1009,274,5,landscape,coast line
1009,262,5,landscape,coast line
1009,281,1,landscape,coast line
1009,725,1,landscape,coast line
1009,733,3,landscape,coast line
1009,741,2,landscape,coast line
1009,707,1,landscape,coast line
1009,285,2,landscape,coast line
1009,284,3,DrivingStyle,sport driving
1009,289,3,DrivingStyle,sport driving
1009,267,4,DrivingStyle,sport driving
1009,269,2,DrivingStyle,sport driving
1009,697,3,DrivingStyle,sport driving
1009,759,1,DrivingStyle,sport driving
1009,680,3,DrivingStyle,sport driving
1009,689,2,DrivingStyle,sport driving
1009,732,1,DrivingStyle,sport driving
1009,291,3,DrivingStyle,relaxed driving
1009,291,3,DrivingStyle,relaxed driving
1009,294,2,DrivingStyle,relaxed driving
1009,259,3,DrivingStyle,relaxed driving
1009,268,3,DrivingStyle,relaxed driving
1009,277,3,DrivingStyle,relaxed driving
1009,728,1,DrivingStyle,relaxed driving
1009,749,4,DrivingStyle,relaxed driving
1009,691,1,DrivingStyle,relaxed driving
1009,686,1,DrivingStyle,relaxed driving
1009,701,1,DrivingStyle,relaxed driving
1009,680,2,DrivingStyle,relaxed driving
1009,754,3,DrivingStyle,relaxed driving
1009,725,1,DrivingStyle,relaxed driving
1009,679,2,DrivingStyle,relaxed driving
1009,752,2,DrivingStyle,relaxed driving
1009,732,1,DrivingStyle,relaxed driving
1010,734,2,weather,sunny
1010,286,1,weather,snowing
1010,740,1,weather,snowing
1010,249,2,weather,snowing
1010,731,1,weather,rainy
1010,249,3,weather,rainy
1010,730,2,trafficConditions,traffic jam
1010,729,3,trafficConditions,lots of cars
1010,257,3,trafficConditions,lots of cars
1010,730,2,trafficConditions,lots of cars
1010,730,2,sleepiness,awake
1010,713,3,RoadType,serpentine
1010,729,4,RoadType,serpentine
1010,257,3,RoadType,highway
1010,734,2,naturalphenomena,morning
1010,731,1,naturalphenomena,morning
1010,734,2,naturalphenomena,afternoon
1010,257,4,mood,lazy
1010,740,3,mood,active
1010,249,2,mood,active
1010,713,1,landscape,urban
1010,286,3,landscape,country side
1010,755,3,landscape,country side
1010,731,1,landscape,coast line
1010,755,1,landscape,coast line
1010,286,2,DrivingStyle,sport driving
1010,713,4,DrivingStyle,sport driving
1010,755,2,DrivingStyle,sport driving
1010,740,2,DrivingStyle,sport driving
1010,729,3,DrivingStyle,relaxed driving
1011,694,2,weather,rainy
1011,686,4,trafficConditions,lots of cars
1011,694,4,trafficConditions,lots of cars
1011,263,3,sleepiness,sleepy
1011,248,4,sleepiness,awake
1011,252,1,RoadType,serpentine
1011,686,4,naturalphenomena,night
1011,263,3,naturalphenomena,afternoon
1011,248,4,mood,happy
1011,252,3,mood,active
1011,248,3,landscape,mountains
1011,686,3,landscape,mountains
1011,252,4,landscape,country side
1011,694,2,DrivingStyle,relaxed driving
1011,263,4,DrivingStyle,relaxed driving
1012,677,5,weather,sunny
1012,750,5,weather,sunny
1012,733,1,weather,sunny
1012,679,1,weather,sunny
1012,254,3,weather,sunny
1012,758,1,weather,sunny
1012,762,1,weather,snowing
1012,249,1,weather,snowing
1012,295,3,weather,snowing
1012,271,1,weather,snowing
1012,698,1,weather,snowing
1012,263,2,weather,snowing
1012,743,1,weather,snowing
1012,253,3,weather,rainy
1012,292,4,weather,rainy
1012,277,3,weather,rainy
1012,274,3,weather,rainy
1012,709,1,weather,rainy
1012,263,3,weather,rainy
1012,746,5,weather,cloudy
1012,706,3,weather,cloudy
1012,286,4,weather,cloudy
1012,747,1,weather,cloudy
1012,293,1,weather,cloudy
1012,280,1,weather,cloudy
1012,690,1,weather,cloudy
1012,283,3,weather,cloudy
1012,716,1,weather,cloudy
1012,733,1,weather,cloudy
1012,293,1,trafficConditions,traffic jam
1012,744,1,trafficConditions,traffic jam
1012,754,1,trafficConditions,traffic jam
1012,266,1,trafficConditions,traffic jam
1012,707,3,trafficConditions,traffic jam
1012,693,1,trafficConditions,traffic jam
1012,295,3,trafficConditions,traffic jam
1012,708,2,trafficConditions,lots of cars
1012,674,1,trafficConditions,lots of cars
1012,756,2,trafficConditions,lots of cars
1012,718,1,trafficConditions,lots of cars
1012,273,3,trafficConditions,lots of cars
1012,267,1,trafficConditions,lots of cars
1012,707,3,trafficConditions,lots of cars
1012,701,1,trafficConditions,lots of cars
1012,253,2,trafficConditions,free road
1012,762,1,trafficConditions,free road
1012,286,5,trafficConditions,free road
1012,720,4,trafficConditions,free road
1012,721,1,trafficConditions,free road
1012,254,4,trafficConditions,free road
1012,282,1,trafficConditions,free road
1012,280,1,trafficConditions,free road
1012,698,1,trafficConditions,free road
1012,729,1,sleepiness,sleepy
1012,674,1,sleepiness,sleepy
1012,719,3,sleepiness,sleepy
1012,251,1,sleepiness,sleepy
1012,265,3,sleepiness,sleepy
1012,282,1,sleepiness,sleepy
1012,280,1,sleepiness,sleepy
1012,762,1,sleepiness,awake
1012,249,1,sleepiness,awake
1012,746,5,sleepiness,awake
1012,251,1,sleepiness,awake
1012,271,2,sleepiness,awake
1012,719,3,RoadType,serpentine
1012,677,5,RoadType,serpentine
1012,272,3,RoadType,serpentine
1012,290,4,RoadType,serpentine
1012,273,3,RoadType,serpentine
1012,271,2,RoadType,serpentine
1012,759,1,RoadType,serpentine
1012,713,1,RoadType,serpentine
1012,731,1,RoadType,highway
1012,757,1,RoadType,highway
1012,255,3,RoadType,highway
1012,258,4,RoadType,highway
1012,722,1,RoadType,highway
1012,272,3,RoadType,highway
1012,283,4,RoadType,highway
1012,713,1,RoadType,highway
1012,752,3,RoadType,highway
1012,759,1,RoadType,highway
1012,255,3,RoadType,city
1012,256,1,RoadType,city
1012,719,3,RoadType,city
1012,740,1,RoadType,city
1012,274,3,RoadType,city
1012,686,1,RoadType,city
1012,759,1,RoadType,city
1012,263,3,RoadType,city
1012,283,2,RoadType,city
1012,275,1,RoadType,city
1012,720,5,naturalphenomena,night
1012,746,5,naturalphenomena,night
1012,682,1,naturalphenomena,night
1012,760,3,naturalphenomena,night
1012,721,1,naturalphenomena,night
1012,708,3,naturalphenomena,morning
1012,295,3,naturalphenomena,morning
1012,279,1,naturalphenomena,morning
1012,284,1,naturalphenomena,morning
1012,736,2,naturalphenomena,morning
1012,682,1,naturalphenomena,day time
1012,760,2,naturalphenomena,day time
1012,258,3,naturalphenomena,day time
1012,277,2,naturalphenomena,day time
1012,722,1,naturalphenomena,day time
1012,756,1,naturalphenomena,day time
1012,265,2,naturalphenomena,day time
1012,266,1,naturalphenomena,day time
1012,279,1,naturalphenomena,day time
1012,725,2,naturalphenomena,day time
1012,686,1,naturalphenomena,day time
1012,720,3,naturalphenomena,afternoon
1012,747,1,naturalphenomena,afternoon
1012,728,1,naturalphenomena,afternoon
1012,691,1,naturalphenomena,afternoon
1012,290,4,naturalphenomena,afternoon
1012,750,5,mood,sad
1012,718,1,mood,sad
1012,686,1,mood,sad
1012,254,2,mood,sad
1012,707,2,mood,sad
1012,716,1,mood,sad
1012,736,3,mood,sad
1012,267,3,mood,sad
1012,747,1,mood,lazy
1012,731,1,mood,lazy
1012,760,2,mood,lazy
1012,679,1,mood,lazy
1012,741,1,mood,lazy
1012,754,1,mood,lazy
1012,752,3,mood,lazy
1012,693,1,mood,lazy
1012,255,2,mood,happy
1012,253,3,mood,happy
1012,744,1,mood,happy
1012,722,1,mood,happy
1012,713,1,mood,happy
1012,290,5,mood,happy
1012,706,3,mood,active
1012,677,4,mood,active
1012,709,1,mood,active
1012,275,1,mood,active
1012,758,1,mood,active
1012,676,1,mood,active
1012,249,1,landscape,urban
1012,744,1,landscape,urban
1012,756,2,landscape,urban
1012,267,1,landscape,urban
1012,691,1,landscape,urban
1012,690,1,landscape,urban
1012,725,3,landscape,urban
1012,709,1,landscape,urban
1012,682,1,landscape,mountains
1012,256,2,landscape,mountains
1012,293,1,landscape,mountains
1012,292,3,landscape,mountains
1012,750,5,landscape,mountains
1012,718,1,landscape,mountains
1012,251,1,landscape,mountains
1012,279,1,landscape,mountains
1012,736,3,landscape,mountains
1012,676,1,landscape,mountains
1012,273,4,landscape,mountains
1012,693,1,landscape,mountains
1012,743,1,landscape,mountains
1012,691,1,landscape,mountains
1012,706,2,landscape,country side
1012,757,1,landscape,country side
1012,729,1,landscape,country side
1012,731,1,landscape,country side
1012,256,1,landscape,country side
1012,292,3,landscape,country side
1012,272,2,landscape,country side
1012,690,1,landscape,country side
1012,282,1,landscape,country side
1012,741,1,landscape,country side
1012,284,1,landscape,country side
1012,284,1,landscape,coast line
1012,728,1,landscape,coast line
1012,266,1,landscape,coast line
1012,733,0,landscape,coast line
1012,701,1,landscape,coast line
1012,741,1,landscape,coast line
1012,754,1,landscape,coast line
1012,286,4,DrivingStyle,sport driving
1012,708,3,DrivingStyle,sport driving
1012,258,3,DrivingStyle,sport driving
1012,277,2,DrivingStyle,sport driving
1012,701,1,DrivingStyle,sport driving
1012,676,1,DrivingStyle,sport driving
1012,716,1,DrivingStyle,sport driving
1012,275,1,DrivingStyle,sport driving
1012,265,1,DrivingStyle,sport driving
1012,740,1,DrivingStyle,sport driving
1012,274,2,DrivingStyle,sport driving
1012,674,1,DrivingStyle,relaxed driving
1012,729,1,DrivingStyle,relaxed driving
1012,757,1,DrivingStyle,relaxed driving
1012,721,1,DrivingStyle,relaxed driving
1012,728,1,DrivingStyle,relaxed driving
1012,758,1,DrivingStyle,relaxed driving
1012,752,3,DrivingStyle,relaxed driving
1012,698,1,DrivingStyle,relaxed driving
1012,743,1,DrivingStyle,relaxed driving
1012,679,1,DrivingStyle,relaxed driving
1012,740,1,DrivingStyle,relaxed driving
1012,725,2,DrivingStyle,relaxed driving
1013,755,0,trafficConditions,lots of cars
1013,761,1,RoadType,highway
1013,755,0,RoadType,city
1013,761,3,RoadType,city
1013,761,3,naturalphenomena,day time
1013,755,0,naturalphenomena,afternoon
1014,731,4,weather,sunny
1014,277,3,weather,sunny
1014,752,5,weather,sunny
1014,689,4,weather,snowing
1014,294,4,weather,snowing
1014,735,4,weather,rainy
1014,689,5,weather,cloudy
1014,277,1,trafficConditions,traffic jam
1014,728,1,trafficConditions,traffic jam
1014,757,5,trafficConditions,lots of cars
1014,735,3,trafficConditions,lots of cars
1014,742,4,trafficConditions,lots of cars
1014,268,2,trafficConditions,lots of cars
1014,277,1,sleepiness,sleepy
1014,275,3,RoadType,serpentine
1014,268,2,RoadType,serpentine
1014,728,1,RoadType,serpentine
1014,279,1,RoadType,highway
1014,268,4,RoadType,highway
1014,294,5,RoadType,highway
1014,757,5,RoadType,highway
1014,690,5,RoadType,city
1014,279,1,naturalphenomena,night
1014,735,4,naturalphenomena,night
1014,679,5,naturalphenomena,morning
1014,728,1,naturalphenomena,day time
1014,275,1,mood,sad
1014,690,2,mood,sad
1014,285,4,mood,lazy
1014,731,1,mood,lazy
1014,690,3,mood,lazy
1014,679,3,mood,lazy
1014,689,5,mood,happy
1014,731,3,mood,active
1014,294,4,landscape,urban
1014,752,3,landscape,urban
1014,285,1,landscape,mountains
1014,275,4,landscape,coast line
1014,279,1,landscape,coast line
1014,742,4,landscape,coast line
1014,679,3,DrivingStyle,sport driving
1014,742,5,DrivingStyle,sport driving
1014,752,5,DrivingStyle,relaxed driving
1014,757,5,DrivingStyle,relaxed driving
1014,285,5,DrivingStyle,relaxed driving
1015,706,1,weather,sunny
1015,733,4,weather,cloudy
1015,733,3,trafficConditions,traffic jam
1015,259,1,trafficConditions,traffic jam
1015,259,4,trafficConditions,free road
1015,683,1,mood,lazy
1015,683,4,mood,active
1015,675,2,mood,active
1015,733,3,landscape,mountains
1015,683,3,landscape,country side
1015,675,3,landscape,country side
1015,706,1,DrivingStyle,sport driving
1015,675,2,DrivingStyle,sport driving
1015,259,1,DrivingStyle,relaxed driving
1015,706,1,DrivingStyle,relaxed driving
1016,256,3,weather,cloudy
1016,262,1,trafficConditions,traffic jam
1016,250,4,trafficConditions,free road
1016,744,2,trafficConditions,free road
1016,279,1,sleepiness,sleepy
1016,744,3,RoadType,serpentine
1016,279,1,RoadType,highway
1016,256,1,RoadType,highway
1016,279,1,RoadType,city
1016,262,3,naturalphenomena,night
1016,250,5,mood,lazy
1016,262,3,mood,happy
1016,256,1,mood,active
1016,250,4,landscape,urban
1016,744,3,landscape,country side
1017,700,4,RoadType,serpentine
1017,700,4,naturalphenomena,day time
1017,700,3,DrivingStyle,sport driving
1018,728,1,weather,sunny
1018,704,2,weather,rainy
1018,687,2,weather,cloudy
1018,255,1,trafficConditions,lots of cars
1018,711,2,trafficConditions,free road
1018,728,1,trafficConditions,free road
1018,733,1,trafficConditions,free road
1018,711,2,sleepiness,sleepy
1018,732,2,sleepiness,awake
1018,684,3,RoadType,serpentine
1018,288,3,RoadType,highway
1018,721,1,RoadType,city
1018,686,4,RoadType,city
1018,733,1,RoadType,city
1018,687,4,naturalphenomena,night
1018,728,1,naturalphenomena,night
1018,700,1,naturalphenomena,morning
1018,709,4,naturalphenomena,morning
1018,686,2,naturalphenomena,morning
1018,684,1,naturalphenomena,morning
1018,721,1,naturalphenomena,day time
1018,698,1,naturalphenomena,afternoon
1018,705,3,naturalphenomena,afternoon
1018,709,1,mood,sad
1018,705,2,mood,sad
1018,255,1,mood,sad
1018,732,2,mood,sad
1018,700,1,mood,lazy
1018,255,1,mood,lazy
1018,698,1,mood,happy
1018,721,1,mood,happy
1018,687,4,mood,happy
1018,684,5,mood,happy
1018,288,3,landscape,urban
1018,709,2,landscape,urban
1018,733,1,landscape,mountains
1018,704,3,landscape,country side
1018,711,2,landscape,country side
1018,698,1,landscape,coast line
1018,705,5,DrivingStyle,sport driving
1018,700,4,DrivingStyle,sport driving
1018,704,5,DrivingStyle,sport driving
1018,732,3,DrivingStyle,sport driving
1018,288,1,DrivingStyle,relaxed driving
1018,686,5,DrivingStyle,relaxed driving
1019,736,2,weather,sunny
1019,270,1,weather,sunny
1019,703,1,weather,sunny
1019,759,3,weather,sunny
1019,754,1,weather,sunny
1019,292,4,weather,sunny
1019,677,1,weather,sunny
1019,695,1,weather,sunny
1019,254,5,weather,sunny
1019,280,4,weather,sunny
1019,249,5,weather,sunny
1019,261,5,weather,sunny
1019,679,1,weather,sunny
1019,752,1,weather,sunny
1019,293,5,weather,sunny
1019,264,4,weather,sunny
1019,710,1,weather,sunny
1019,259,5,weather,sunny
1019,753,1,weather,sunny
1019,749,1,weather,sunny
1019,287,2,weather,sunny
1019,760,3,weather,snowing
1019,714,1,weather,snowing
1019,258,2,weather,snowing
1019,751,3,weather,snowing
1019,693,1,weather,snowing
1019,750,1,weather,snowing
1019,279,1,weather,snowing
1019,730,3,weather,snowing
1019,762,1,weather,snowing
1019,291,4,weather,snowing
1019,702,2,weather,snowing
1019,295,5,weather,snowing
1019,729,1,weather,snowing
1019,276,5,weather,snowing
1019,285,1,weather,snowing
1019,254,5,weather,snowing
1019,283,5,weather,snowing
1019,685,1,weather,snowing
1019,271,1,weather,snowing
1019,294,5,weather,snowing
1019,250,5,weather,snowing
1019,695,1,weather,rainy
1019,743,1,weather,rainy
1019,751,1,weather,rainy
1019,745,1,weather,rainy
1019,275,5,weather,rainy
1019,274,5,weather,rainy
1019,250,4,weather,rainy
1019,709,1,weather,rainy
1019,277,5,weather,rainy
1019,692,1,weather,rainy
1019,735,1,weather,rainy
1019,271,1,weather,rainy
1019,291,5,weather,rainy
1019,255,5,weather,rainy
1019,725,1,weather,rainy
1019,690,1,weather,rainy
1019,718,1,weather,rainy
1019,749,1,weather,cloudy
1019,680,1,weather,cloudy
1019,690,1,weather,cloudy
1019,290,5,weather,cloudy
1019,682,1,weather,cloudy
1019,707,3,weather,cloudy
1019,743,1,weather,cloudy
1019,251,5,weather,cloudy
1019,726,1,weather,cloudy
1019,734,2,weather,cloudy
1019,732,1,weather,cloudy
1019,265,5,weather,cloudy
1019,249,5,weather,cloudy
1019,739,1,weather,cloudy
1019,760,3,weather,cloudy
1019,259,5,weather,cloudy
1019,282,2,weather,cloudy
1019,260,5,weather,cloudy
1019,254,5,weather,cloudy
1019,727,1,weather,cloudy
1019,725,1,weather,cloudy
1019,756,1,weather,cloudy
1019,268,1,weather,cloudy
1019,722,3,weather,cloudy
1019,719,2,weather,cloudy
1019,256,5,trafficConditions,traffic jam
1019,736,1,trafficConditions,traffic jam
1019,282,1,trafficConditions,traffic jam
1019,685,2,trafficConditions,traffic jam
1019,708,2,trafficConditions,traffic jam
1019,705,1,trafficConditions,traffic jam
1019,724,3,trafficConditions,traffic jam
1019,293,5,trafficConditions,traffic jam
1019,687,1,trafficConditions,traffic jam
1019,733,2,trafficConditions,traffic jam
1019,742,1,trafficConditions,traffic jam
1019,738,1,trafficConditions,traffic jam
1019,694,1,trafficConditions,traffic jam
1019,693,1,trafficConditions,traffic jam
1019,283,5,trafficConditions,traffic jam
1019,679,1,trafficConditions,traffic jam
1019,675,1,trafficConditions,traffic jam
1019,707,3,trafficConditions,traffic jam
1019,699,1,trafficConditions,traffic jam
1019,728,1,trafficConditions,traffic jam
1019,269,1,trafficConditions,traffic jam
1019,253,5,trafficConditions,traffic jam
1019,729,2,trafficConditions,traffic jam
1019,727,2,trafficConditions,traffic jam
1019,287,3,trafficConditions,traffic jam
1019,677,1,trafficConditions,lots of cars
1019,254,5,trafficConditions,lots of cars
1019,280,4,trafficConditions,lots of cars
1019,258,3,trafficConditions,lots of cars
1019,248,5,trafficConditions,lots of cars
1019,262,5,trafficConditions,lots of cars
1019,749,1,trafficConditions,lots of cars
1019,731,2,trafficConditions,lots of cars
1019,689,5,trafficConditions,lots of cars
1019,682,1,trafficConditions,lots of cars
1019,273,5,trafficConditions,lots of cars
1019,755,2,trafficConditions,lots of cars
1019,675,1,trafficConditions,lots of cars
1019,272,1,trafficConditions,lots of cars
1019,276,5,trafficConditions,lots of cars
1019,758,1,trafficConditions,lots of cars
1019,706,1,trafficConditions,lots of cars
1019,294,5,trafficConditions,lots of cars
1019,263,5,trafficConditions,lots of cars
1019,691,1,trafficConditions,lots of cars
1019,746,1,trafficConditions,lots of cars
1019,710,0,trafficConditions,lots of cars
1019,258,4,trafficConditions,lots of cars
1019,291,4,trafficConditions,lots of cars
1019,282,4,trafficConditions,lots of cars
1019,260,5,trafficConditions,lots of cars
1019,727,1,trafficConditions,lots of cars
1019,761,0,trafficConditions,lots of cars
1019,679,1,trafficConditions,lots of cars
1019,762,3,trafficConditions,lots of cars
1019,718,1,trafficConditions,lots of cars
1019,725,1,trafficConditions,free road
1019,264,4,trafficConditions,free road
1019,722,5,trafficConditions,free road
1019,743,2,trafficConditions,free road
1019,248,5,trafficConditions,free road
1019,686,1,trafficConditions,free road
1019,296,5,trafficConditions,free road
1019,254,5,trafficConditions,free road
1019,704,1,trafficConditions,free road
1019,759,4,trafficConditions,free road
1019,286,1,trafficConditions,free road
1019,260,5,trafficConditions,free road
1019,271,2,trafficConditions,free road
1019,257,5,trafficConditions,free road
1019,719,4,trafficConditions,free road
1019,252,5,trafficConditions,free road
1019,722,1,trafficConditions,free road
1019,729,2,trafficConditions,free road
1019,696,1,trafficConditions,free road
1019,704,1,trafficConditions,free road
1019,254,5,trafficConditions,free road
1019,755,1,trafficConditions,free road
1019,736,2,trafficConditions,free road
1019,271,1,trafficConditions,free road
1019,722,3,trafficConditions,free road
1019,250,5,trafficConditions,free road
1019,749,1,trafficConditions,free road
1019,250,5,trafficConditions,free road
1019,718,1,trafficConditions,free road
1019,263,5,sleepiness,sleepy
1019,282,1,sleepiness,sleepy
1019,264,3,sleepiness,sleepy
1019,696,1,sleepiness,sleepy
1019,709,1,sleepiness,sleepy
1019,266,4,sleepiness,sleepy
1019,280,5,sleepiness,sleepy
1019,268,1,sleepiness,sleepy
1019,729,1,sleepiness,sleepy
1019,252,5,sleepiness,sleepy
1019,249,5,sleepiness,sleepy
1019,264,2,sleepiness,sleepy
1019,255,5,sleepiness,sleepy
1019,755,1,sleepiness,sleepy
1019,753,1,sleepiness,sleepy
1019,265,4,sleepiness,sleepy
1019,749,1,sleepiness,sleepy
1019,290,5,sleepiness,awake
1019,278,3,sleepiness,awake
1019,251,5,sleepiness,awake
1019,273,5,sleepiness,awake
1019,265,5,sleepiness,awake
1019,274,5,sleepiness,awake
1019,715,1,sleepiness,awake
1019,716,3,sleepiness,awake
1019,711,1,sleepiness,awake
1019,264,4,sleepiness,awake
1019,249,5,sleepiness,awake
1019,265,3,sleepiness,awake
1019,250,5,sleepiness,awake
1019,268,1,sleepiness,awake
1019,744,1,RoadType,serpentine
1019,270,1,RoadType,serpentine
1019,259,3,RoadType,serpentine
1019,704,1,RoadType,serpentine
1019,262,5,RoadType,serpentine
1019,725,1,RoadType,serpentine
1019,756,1,RoadType,serpentine
1019,718,1,RoadType,serpentine
1019,721,1,RoadType,serpentine
1019,757,1,RoadType,serpentine
1019,758,1,RoadType,serpentine
1019,701,1,RoadType,serpentine
1019,275,5,RoadType,serpentine
1019,723,1,RoadType,serpentine
1019,717,1,RoadType,serpentine
1019,746,2,RoadType,serpentine
1019,726,1,RoadType,serpentine
1019,752,1,RoadType,serpentine
1019,285,1,RoadType,serpentine
1019,269,1,RoadType,serpentine
1019,286,1,RoadType,serpentine
1019,728,1,RoadType,serpentine
1019,676,1,RoadType,serpentine
1019,739,1,RoadType,serpentine
1019,691,1,RoadType,serpentine
1019,271,1,RoadType,serpentine
1019,259,5,RoadType,serpentine
1019,285,0,RoadType,serpentine
1019,276,5,RoadType,serpentine
1019,677,1,RoadType,serpentine
1019,250,5,RoadType,serpentine
1019,674,1,RoadType,highway
1019,248,5,RoadType,highway
1019,680,1,RoadType,highway
1019,690,1,RoadType,highway
1019,264,5,RoadType,highway
1019,733,3,RoadType,highway
1019,692,1,RoadType,highway
1019,252,5,RoadType,highway
1019,249,5,RoadType,highway
1019,675,0,RoadType,highway
1019,713,1,RoadType,highway
1019,682,2,RoadType,highway
1019,683,1,RoadType,highway
1019,684,1,RoadType,highway
1019,739,1,RoadType,highway
1019,698,3,RoadType,highway
1019,297,5,RoadType,highway
1019,752,1,RoadType,highway
1019,257,5,RoadType,highway
1019,261,5,RoadType,highway
1019,722,1,RoadType,highway
1019,729,2,RoadType,highway
1019,258,4,RoadType,highway
1019,259,5,RoadType,highway
1019,736,1,RoadType,highway
1019,705,1,RoadType,highway
1019,722,1,RoadType,highway
1019,685,1,RoadType,highway
1019,708,2,RoadType,city
1019,262,3,RoadType,city
1019,277,5,RoadType,city
1019,289,5,RoadType,city
1019,269,1,RoadType,city
1019,729,1,RoadType,city
1019,716,2,RoadType,city
1019,250,4,RoadType,city
1019,271,1,RoadType,city
1019,723,1,RoadType,city
1019,684,1,RoadType,city
1019,255,5,RoadType,city
1019,271,1,RoadType,city
1019,745,1,RoadType,city
1019,722,1,RoadType,city
1019,281,1,naturalphenomena,night
1019,745,1,naturalphenomena,night
1019,738,1,naturalphenomena,night
1019,289,5,naturalphenomena,night
1019,708,4,naturalphenomena,night
1019,714,1,naturalphenomena,night
1019,706,1,naturalphenomena,night
1019,255,5,naturalphenomena,night
1019,260,5,naturalphenomena,night
1019,720,4,naturalphenomena,night
1019,267,5,naturalphenomena,night
1019,702,2,naturalphenomena,night
1019,760,3,naturalphenomena,night
1019,267,5,naturalphenomena,night
1019,278,1,naturalphenomena,night
1019,260,5,naturalphenomena,night
1019,756,1,naturalphenomena,night
1019,250,5,naturalphenomena,night
1019,754,1,naturalphenomena,night
1019,272,2,naturalphenomena,morning
1019,259,5,naturalphenomena,morning
1019,722,4,naturalphenomena,morning
1019,696,1,naturalphenomena,morning
1019,270,1,naturalphenomena,morning
1019,290,5,naturalphenomena,morning
1019,674,1,naturalphenomena,morning
1019,741,1,naturalphenomena,morning
1019,281,1,naturalphenomena,morning
1019,689,5,naturalphenomena,morning
1019,287,1,naturalphenomena,morning
1019,681,2,naturalphenomena,morning
1019,753,1,naturalphenomena,morning
1019,686,1,naturalphenomena,morning
1019,713,1,naturalphenomena,morning
1019,253,5,naturalphenomena,morning
1019,271,1,naturalphenomena,morning
1019,718,1,naturalphenomena,morning
1019,726,2,naturalphenomena,morning
1019,265,5,naturalphenomena,morning
1019,250,5,naturalphenomena,morning
1019,267,5,naturalphenomena,morning
1019,255,5,naturalphenomena,morning
1019,267,5,naturalphenomena,morning
1019,707,2,naturalphenomena,morning
1019,755,1,naturalphenomena,morning
1019,723,1,naturalphenomena,morning
1019,719,3,naturalphenomena,morning
1019,731,3,naturalphenomena,day time
1019,760,3,naturalphenomena,day time
1019,705,1,naturalphenomena,day time
1019,293,5,naturalphenomena,day time
1019,256,3,naturalphenomena,day time
1019,721,2,naturalphenomena,day time
1019,681,3,naturalphenomena,day time
1019,735,1,naturalphenomena,day time
1019,699,1,naturalphenomena,day time
1019,748,4,naturalphenomena,day time
1019,297,5,naturalphenomena,day time
1019,257,5,naturalphenomena,day time
1019,734,2,naturalphenomena,day time
1019,739,1,naturalphenomena,day time
1019,296,5,naturalphenomena,day time
1019,730,4,naturalphenomena,day time
1019,738,1,naturalphenomena,day time
1019,684,1,naturalphenomena,day time
1019,719,2,naturalphenomena,day time
1019,736,1,naturalphenomena,day time
1019,294,5,naturalphenomena,day time
1019,268,2,naturalphenomena,day time
1019,690,1,naturalphenomena,day time
1019,677,1,naturalphenomena,afternoon
1019,724,3,naturalphenomena,afternoon
1019,756,1,naturalphenomena,afternoon
1019,718,1,naturalphenomena,afternoon
1019,755,2,naturalphenomena,afternoon
1019,700,1,naturalphenomena,afternoon
1019,266,3,naturalphenomena,afternoon
1019,699,1,naturalphenomena,afternoon
1019,253,5,naturalphenomena,afternoon
1019,711,1,naturalphenomena,afternoon
1019,678,1,naturalphenomena,afternoon
1019,747,3,naturalphenomena,afternoon
1019,730,3,naturalphenomena,afternoon
1019,255,5,naturalphenomena,afternoon
1019,716,4,naturalphenomena,afternoon
1019,737,2,naturalphenomena,afternoon
1019,264,2,naturalphenomena,afternoon
1019,696,1,naturalphenomena,afternoon
1019,734,2,naturalphenomena,afternoon
1019,704,1,naturalphenomena,afternoon
1019,755,1,naturalphenomena,afternoon
1019,719,2,naturalphenomena,afternoon
1019,756,1,naturalphenomena,afternoon
1019,679,1,naturalphenomena,afternoon
1019,762,2,naturalphenomena,afternoon
1019,696,1,mood,sad
1019,256,4,mood,sad
1019,738,1,mood,sad
1019,679,1,mood,sad
1019,251,5,mood,sad
1019,733,3,mood,sad
1019,761,1,mood,sad
1019,746,2,mood,sad
1019,249,5,mood,sad
1019,284,1,mood,sad
1019,678,1,mood,sad
1019,279,2,mood,sad
1019,291,4,mood,sad
1019,739,1,mood,sad
1019,732,1,mood,sad
1019,711,1,mood,sad
1019,744,1,mood,sad
1019,740,1,mood,sad
1019,715,2,mood,sad
1019,693,1,mood,sad
1019,746,1,mood,sad
1019,293,5,mood,sad
1019,722,1,mood,sad
1019,738,1,mood,sad
1019,278,1,mood,sad
1019,690,0,mood,sad
1019,709,1,mood,lazy
1019,277,5,mood,lazy
1019,721,1,mood,lazy
1019,252,5,mood,lazy
1019,701,1,mood,lazy
1019,283,5,mood,lazy
1019,728,1,mood,lazy
1019,279,3,mood,lazy
1019,737,1,mood,lazy
1019,755,1,mood,lazy
1019,707,4,mood,lazy
1019,734,1,mood,lazy
1019,259,5,mood,lazy
1019,719,2,mood,lazy
1019,705,1,mood,happy
1019,688,1,mood,happy
1019,282,1,mood,happy
1019,754,1,mood,happy
1019,757,1,mood,happy
1019,740,1,mood,happy
1019,294,5,mood,happy
1019,700,1,mood,happy
1019,748,4,mood,happy
1019,284,1,mood,happy
1019,698,2,mood,happy
1019,285,1,mood,happy
1019,755,1,mood,happy
1019,271,1,mood,happy
1019,278,1,mood,happy
1019,761,1,mood,happy
1019,685,1,mood,happy
1019,722,1,mood,happy
1019,697,1,mood,active
1019,736,2,mood,active
1019,694,1,mood,active
1019,746,3,mood,active
1019,252,5,mood,active
1019,690,1,mood,active
1019,297,5,mood,active
1019,710,1,mood,active
1019,295,5,mood,active
1019,276,5,mood,active
1019,258,5,mood,active
1019,734,1,mood,active
1019,738,0,mood,active
1019,704,1,mood,active
1019,259,5,mood,active
1019,291,3,mood,active
1019,719,3,mood,active
1019,705,1,mood,active
1019,722,4,mood,active
1019,276,5,landscape,urban
1019,748,2,landscape,urban
1019,688,1,landscape,urban
1019,720,2,landscape,urban
1019,722,2,landscape,urban
1019,741,1,landscape,urban
1019,760,3,landscape,urban
1019,719,1,landscape,urban
1019,714,1,landscape,urban
1019,687,1,landscape,urban
1019,759,1,landscape,urban
1019,285,1,landscape,urban
1019,292,3,landscape,urban
1019,284,1,landscape,urban
1019,286,1,landscape,urban
1019,747,2,landscape,urban
1019,710,1,landscape,urban
1019,762,1,landscape,urban
1019,268,1,landscape,urban
1019,729,1,landscape,urban
1019,273,5,landscape,urban
1019,728,0,landscape,urban
1019,283,5,landscape,urban
1019,722,1,landscape,urban
1019,736,1,landscape,urban
1019,712,3,landscape,mountains
1019,689,5,landscape,mountains
1019,688,1,landscape,mountains
1019,754,1,landscape,mountains
1019,695,1,landscape,mountains
1019,703,1,landscape,mountains
1019,753,1,landscape,mountains
1019,283,5,landscape,mountains
1019,723,1,landscape,mountains
1019,681,2,landscape,mountains
1019,693,1,landscape,mountains
1019,287,1,landscape,mountains
1019,702,2,landscape,mountains
1019,260,5,landscape,mountains
1019,700,1,landscape,mountains
1019,276,5,landscape,mountains
1019,727,2,landscape,mountains
1019,252,5,landscape,mountains
1019,273,5,landscape,mountains
1019,693,1,landscape,mountains
1019,276,5,landscape,mountains
1019,760,3,landscape,mountains
1019,710,1,landscape,mountains
1019,285,1,landscape,mountains
1019,282,2,landscape,mountains
1019,725,1,landscape,mountains
1019,732,1,landscape,mountains
1019,265,3,landscape,mountains
1019,745,1,landscape,mountains
1019,705,0,landscape,mountains
1019,754,1,landscape,mountains
1019,283,5,landscape,mountains
1019,683,1,landscape,country side
1019,278,1,landscape,country side
1019,288,5,landscape,country side
1019,757,1,landscape,country side
1019,756,1,landscape,country side
1019,293,5,landscape,country side
1019,694,1,landscape,country side
1019,717,1,landscape,country side
1019,761,1,landscape,country side
1019,707,3,landscape,country side
1019,268,1,landscape,country side
1019,737,1,landscape,country side
1019,753,1,landscape,country side
1019,296,5,landscape,country side
1019,678,1,landscape,country side
1019,715,1,landscape,country side
1019,729,1,landscape,country side
1019,707,3,landscape,country side
1019,739,1,landscape,country side
1019,728,1,landscape,country side
1019,276,5,landscape,country side
1019,732,1,landscape,country side
1019,761,1,landscape,country side
1019,736,2,landscape,country side
1019,745,1,landscape,country side
1019,722,1,landscape,country side
1019,750,1,landscape,coast line
1019,259,5,landscape,coast line
1019,741,1,landscape,coast line
1019,685,3,landscape,coast line
1019,704,1,landscape,coast line
1019,278,2,landscape,coast line
1019,281,1,landscape,coast line
1019,288,5,landscape,coast line
1019,680,0,landscape,coast line
1019,758,1,landscape,coast line
1019,755,2,landscape,coast line
1019,717,1,landscape,coast line
1019,761,1,landscape,coast line
1019,676,1,landscape,coast line
1019,734,2,landscape,coast line
1019,706,1,landscape,coast line
1019,697,1,landscape,coast line
1019,684,1,landscape,coast line
1019,744,1,landscape,coast line
1019,273,5,landscape,coast line
1019,276,5,landscape,coast line
1019,753,1,landscape,coast line
1019,258,4,DrivingStyle,sport driving
1019,742,1,DrivingStyle,sport driving
1019,674,1,DrivingStyle,sport driving
1019,719,2,DrivingStyle,sport driving
1019,289,5,DrivingStyle,sport driving
1019,749,1,DrivingStyle,sport driving
1019,724,2,DrivingStyle,sport driving
1019,731,2,DrivingStyle,sport driving
1019,273,5,DrivingStyle,sport driving
1019,751,2,DrivingStyle,sport driving
1019,292,4,DrivingStyle,sport driving
1019,701,1,DrivingStyle,sport driving
1019,723,1,DrivingStyle,sport driving
1019,294,5,DrivingStyle,sport driving
1019,698,2,DrivingStyle,sport driving
1019,712,3,DrivingStyle,sport driving
1019,683,1,DrivingStyle,sport driving
1019,272,2,DrivingStyle,sport driving
1019,295,5,DrivingStyle,sport driving
1019,263,5,DrivingStyle,sport driving
1019,267,5,DrivingStyle,sport driving
1019,723,0,DrivingStyle,sport driving
1019,746,1,DrivingStyle,sport driving
1019,727,2,DrivingStyle,sport driving
1019,264,2,DrivingStyle,sport driving
1019,293,5,DrivingStyle,sport driving
1019,291,4,DrivingStyle,sport driving
1019,728,1,DrivingStyle,sport driving
1019,727,1,DrivingStyle,sport driving
1019,732,1,DrivingStyle,sport driving
1019,722,1,DrivingStyle,sport driving
1019,677,1,DrivingStyle,sport driving
1019,287,2,DrivingStyle,sport driving
1019,294,5,DrivingStyle,sport driving
1019,740,1,DrivingStyle,relaxed driving
1019,684,1,DrivingStyle,relaxed driving
1019,685,4,DrivingStyle,relaxed driving
1019,274,5,DrivingStyle,relaxed driving
1019,745,1,DrivingStyle,relaxed driving
1019,703,1,DrivingStyle,relaxed driving
1019,288,5,DrivingStyle,relaxed driving
1019,742,1,DrivingStyle,relaxed driving
1019,720,5,DrivingStyle,relaxed driving
1019,687,1,DrivingStyle,relaxed driving
1019,287,3,DrivingStyle,relaxed driving
1019,266,4,DrivingStyle,relaxed driving
1019,692,1,DrivingStyle,relaxed driving
1019,713,1,DrivingStyle,relaxed driving
1019,750,1,DrivingStyle,relaxed driving
1019,686,1,DrivingStyle,relaxed driving
1019,275,5,DrivingStyle,relaxed driving
1019,747,4,DrivingStyle,relaxed driving
1019,261,5,DrivingStyle,relaxed driving
1019,712,4,DrivingStyle,relaxed driving
1019,725,1,DrivingStyle,relaxed driving
1019,732,1,DrivingStyle,relaxed driving
1019,676,1,DrivingStyle,relaxed driving
1019,697,1,DrivingStyle,relaxed driving
1019,735,1,DrivingStyle,relaxed driving
1019,710,0,DrivingStyle,relaxed driving
1019,762,1,DrivingStyle,relaxed driving
1019,264,4,DrivingStyle,relaxed driving
1019,691,1,DrivingStyle,relaxed driving
1019,729,1,DrivingStyle,relaxed driving
1019,267,5,DrivingStyle,relaxed driving
1019,693,1,DrivingStyle,relaxed driving
1019,696,1,DrivingStyle,relaxed driving
1019,684,0,DrivingStyle,relaxed driving
1019,677,1,DrivingStyle,relaxed driving
1019,736,1,DrivingStyle,relaxed driving
1019,679,1,DrivingStyle,relaxed driving
1019,762,2,DrivingStyle,relaxed driving
1019,754,1,DrivingStyle,relaxed driving
1020,702,1,weather,sunny
1020,733,5,weather,sunny
1020,733,5,weather,rainy
1020,695,0,weather,rainy
1020,718,5,weather,rainy
1020,737,3,weather,rainy
1020,684,1,weather,cloudy
1020,273,0,weather,cloudy
1020,751,0,weather,cloudy
1020,261,0,trafficConditions,traffic jam
1020,692,0,trafficConditions,lots of cars
1020,261,0,trafficConditions,lots of cars
1020,717,1,trafficConditions,free road
1020,692,0,trafficConditions,free road
1020,718,5,trafficConditions,free road
1020,749,1,trafficConditions,free road
1020,700,1,trafficConditions,free road
1020,281,1,sleepiness,sleepy
1020,754,2,sleepiness,sleepy
1020,722,1,sleepiness,sleepy
1020,749,1,sleepiness,sleepy
1020,285,3,RoadType,serpentine
1020,700,1,RoadType,serpentine
1020,739,0,RoadType,serpentine
1020,684,2,RoadType,highway
1020,273,0,RoadType,highway
1020,738,2,RoadType,highway
1020,281,1,RoadType,city
1020,714,5,RoadType,city
1020,754,3,naturalphenomena,night
1020,733,5,naturalphenomena,night
1020,717,1,naturalphenomena,night
1020,725,4,naturalphenomena,night
1020,751,0,naturalphenomena,night
1020,253,5,naturalphenomena,morning
1020,738,5,naturalphenomena,morning
1020,261,0,naturalphenomena,morning
1020,253,1,naturalphenomena,day time
1020,722,1,naturalphenomena,day time
1020,253,2,mood,sad
1020,718,5,mood,sad
1020,273,0,mood,sad
1020,747,1,mood,lazy
1020,296,1,mood,lazy
1020,754,1,mood,happy
1020,725,0,mood,happy
1020,692,0,mood,happy
1020,700,1,mood,happy
1020,702,1,mood,active
1020,747,1,mood,active
1020,285,4,mood,active
1020,747,1,landscape,urban
1020,725,4,landscape,urban
1020,695,0,landscape,urban
1020,281,1,landscape,mountains
1020,714,3,landscape,mountains
1020,739,0,landscape,mountains
1020,296,1,landscape,country side
1020,684,2,landscape,country side
1020,722,1,landscape,country side
1020,695,0,landscape,country side
1020,738,3,landscape,country side
1020,737,2,landscape,country side
1020,739,0,landscape,country side
1020,732,0,landscape,country side
1020,702,1,landscape,coast line
1020,737,3,landscape,coast line
1020,751,0,landscape,coast line
1020,296,1,DrivingStyle,sport driving
1020,749,1,DrivingStyle,sport driving
1020,714,5,DrivingStyle,sport driving
1020,732,0,DrivingStyle,sport driving
1020,717,1,DrivingStyle,relaxed driving
1020,285,0,DrivingStyle,relaxed driving
1020,732,0,DrivingStyle,relaxed driving
1021,249,3,weather,sunny
1021,683,2,weather,sunny
1021,752,1,weather,snowing
1021,757,0,weather,rainy
1021,294,2,weather,cloudy
1021,708,0,trafficConditions,traffic jam
1021,741,4,trafficConditions,traffic jam
1021,701,1,trafficConditions,traffic jam
1021,249,1,trafficConditions,lots of cars
1021,741,4,trafficConditions,lots of cars
1021,733,0,trafficConditions,free road
1021,294,5,trafficConditions,free road
1021,708,0,sleepiness,sleepy
1021,701,1,sleepiness,sleepy
1021,752,2,naturalphenomena,morning
1021,757,0,naturalphenomena,afternoon
1021,701,3,naturalphenomena,afternoon
1021,249,3,mood,sad
1021,733,0,mood,sad
1021,294,2,mood,sad
1021,743,3,mood,happy
1021,733,0,mood,active
1021,757,0,mood,active
1021,752,2,landscape,mountains
1021,708,0,landscape,mountains
1021,683,4,landscape,country side
1021,743,4,DrivingStyle,sport driving
1021,741,4,DrivingStyle,sport driving
1021,683,4,DrivingStyle,relaxed driving
1021,743,1,DrivingStyle,relaxed driving
1022,254,4,weather,sunny
1022,710,3,weather,snowing
1022,264,3,weather,snowing
1022,678,1,weather,rainy
1022,256,3,weather,cloudy
1022,254,3,trafficConditions,lots of cars
1022,273,3,trafficConditions,lots of cars
1022,256,3,trafficConditions,lots of cars
1022,264,3,trafficConditions,free road
1022,273,3,sleepiness,awake
1022,688,4,RoadType,city
1022,739,1,RoadType,city
1022,678,1,RoadType,city
1022,281,4,RoadType,city
1022,688,2,naturalphenomena,night
1022,739,1,naturalphenomena,night
1022,273,3,naturalphenomena,day time
1022,739,1,naturalphenomena,day time
1022,737,1,mood,sad
1022,281,3,mood,sad
1022,688,4,mood,happy
1022,737,1,mood,happy
1022,256,1,mood,active
1022,737,1,landscape,mountains
1022,281,4,landscape,mountains
1022,254,4,landscape,coast line
1022,710,3,landscape,coast line
1022,678,1,landscape,coast line
1022,710,4,DrivingStyle,sport driving
1022,264,2,DrivingStyle,sport driving
1023,250,1,weather,sunny
1023,295,1,weather,sunny
1023,746,3,weather,sunny
1023,280,0,weather,sunny
1023,292,1,weather,sunny
1023,693,4,weather,sunny
1023,253,4,weather,snowing
1023,290,1,weather,snowing
1023,282,0,weather,snowing
1023,291,3,weather,snowing
1023,693,4,weather,snowing
1023,746,5,weather,rainy
1023,291,4,weather,rainy
1023,737,5,weather,rainy
1023,263,5,weather,rainy
1023,295,4,weather,cloudy
1023,728,1,weather,cloudy
1023,761,2,trafficConditions,traffic jam
1023,676,2,trafficConditions,traffic jam
1023,725,4,trafficConditions,traffic jam
1023,737,2,trafficConditions,traffic jam
1023,251,5,trafficConditions,traffic jam
1023,680,2,trafficConditions,traffic jam
1023,751,2,trafficConditions,traffic jam
1023,734,5,trafficConditions,lots of cars
1023,692,4,trafficConditions,lots of cars
1023,290,1,trafficConditions,lots of cars
1023,750,3,trafficConditions,lots of cars
1023,250,1,trafficConditions,lots of cars
1023,684,2,trafficConditions,lots of cars
1023,725,4,trafficConditions,lots of cars
1023,696,4,trafficConditions,lots of cars
1023,732,3,trafficConditions,lots of cars
1023,272,2,trafficConditions,free road
1023,250,3,trafficConditions,free road
1023,253,1,trafficConditions,free road
1023,691,0,trafficConditions,free road
1023,682,5,trafficConditions,free road
1023,730,1,trafficConditions,free road
1023,252,4,sleepiness,sleepy
1023,272,1,sleepiness,sleepy
1023,691,0,sleepiness,sleepy
1023,295,5,sleepiness,awake
1023,691,0,sleepiness,awake
1023,751,4,sleepiness,awake
1023,263,2,RoadType,serpentine
1023,754,2,RoadType,serpentine
1023,713,5,RoadType,serpentine
1023,278,5,RoadType,highway
1023,750,5,RoadType,highway
1023,282,0,RoadType,highway
1023,680,4,RoadType,highway
1023,292,1,RoadType,highway
1023,703,3,RoadType,city
1023,722,0,RoadType,city
1023,291,1,RoadType,city
1023,290,3,naturalphenomena,night
1023,262,1,naturalphenomena,night
1023,292,5,naturalphenomena,night
1023,732,1,naturalphenomena,morning
1023,748,0,naturalphenomena,morning
1023,251,1,naturalphenomena,morning
1023,751,4,naturalphenomena,morning
1023,262,5,naturalphenomena,morning
1023,278,4,naturalphenomena,day time
1023,696,5,naturalphenomena,day time
1023,722,0,naturalphenomena,day time
1023,693,3,naturalphenomena,day time
1023,263,3,naturalphenomena,day time
1023,676,4,naturalphenomena,afternoon
1023,692,5,naturalphenomena,afternoon
1023,743,1,mood,sad
1023,746,1,mood,sad
1023,734,5,mood,sad
1023,252,3,mood,lazy
1023,676,1,mood,lazy
1023,748,0,mood,lazy
1023,699,5,mood,happy
1023,743,4,mood,happy
1023,696,5,mood,happy
1023,280,0,mood,happy
1023,713,5,mood,happy
1023,730,1,mood,happy
1023,274,1,mood,happy
1023,262,5,mood,happy
1023,728,5,mood,happy
1023,761,5,mood,active
1023,743,4,mood,active
1023,274,1,mood,active
1023,750,2,landscape,urban
1023,725,2,landscape,urban
1023,680,2,landscape,urban
1023,684,3,landscape,mountains
1023,252,2,landscape,mountains
1023,278,2,landscape,mountains
1023,253,1,landscape,mountains
1023,730,5,landscape,mountains
1023,251,5,landscape,mountains
1023,761,2,landscape,country side
1023,699,2,landscape,country side
1023,282,0,landscape,country side
1023,280,0,landscape,country side
1023,754,2,landscape,country side
1023,734,5,landscape,coast line
1023,692,4,landscape,coast line
1023,699,5,landscape,coast line
1023,682,4,landscape,coast line
1023,703,5,DrivingStyle,sport driving
1023,272,4,DrivingStyle,sport driving
1023,684,4,DrivingStyle,sport driving
1023,732,5,DrivingStyle,sport driving
1023,748,0,DrivingStyle,sport driving
1023,728,5,DrivingStyle,sport driving
1023,682,5,DrivingStyle,sport driving
1023,754,4,DrivingStyle,sport driving
1023,703,2,DrivingStyle,relaxed driving
1023,722,0,DrivingStyle,relaxed driving
1023,274,5,DrivingStyle,relaxed driving
1023,713,1,DrivingStyle,relaxed driving
1023,737,2,DrivingStyle,relaxed driving
1024,686,3,weather,snowing
1024,744,4,weather,rainy
1024,704,3,weather,rainy
1024,688,1,weather,cloudy
1024,707,3,weather,cloudy
1024,259,2,weather,cloudy
1024,705,1,trafficConditions,free road
1024,745,1,sleepiness,sleepy
1024,259,3,sleepiness,awake
1024,686,5,RoadType,serpentine
1024,283,3,RoadType,serpentine
1024,717,4,naturalphenomena,night
1024,704,5,naturalphenomena,night
1024,744,4,naturalphenomena,morning
1024,686,3,naturalphenomena,morning
1024,688,1,naturalphenomena,day time
1024,705,2,naturalphenomena,day time
1024,744,5,naturalphenomena,afternoon
1024,745,1,mood,lazy
1024,704,4,mood,happy
1024,707,4,mood,happy
1024,707,3,mood,active
1024,717,3,landscape,urban
1024,705,1,landscape,mountains
1024,283,4,landscape,mountains
1024,259,4,landscape,mountains
1024,688,3,DrivingStyle,sport driving
1024,717,2,DrivingStyle,sport driving
1024,745,2,DrivingStyle,sport driving
1024,283,5,DrivingStyle,relaxed driving
1025,251,4,trafficConditions,lots of cars
1025,253,3,trafficConditions,lots of cars
1025,284,3,trafficConditions,free road
1025,251,2,sleepiness,sleepy
1025,291,3,RoadType,serpentine
1025,284,4,RoadType,city
1025,291,5,naturalphenomena,night
1025,253,4,naturalphenomena,afternoon
1025,253,4,mood,lazy
1025,284,4,mood,active
1025,251,5,landscape,coast line
1025,291,4,landscape,coast line
1026,703,1,weather,sunny
1026,749,1,weather,sunny
1026,686,5,weather,snowing
1026,730,1,weather,snowing
1026,761,4,weather,snowing
1026,282,3,weather,snowing
1026,692,4,weather,cloudy
1026,692,2,trafficConditions,traffic jam
1026,699,3,trafficConditions,traffic jam
1026,747,5,trafficConditions,traffic jam
1026,696,1,trafficConditions,traffic jam
1026,286,4,trafficConditions,traffic jam
1026,730,1,trafficConditions,lots of cars
1026,749,1,trafficConditions,free road
1026,282,5,sleepiness,sleepy
1026,749,1,sleepiness,sleepy
1026,703,1,RoadType,serpentine
1026,294,3,RoadType,serpentine
1026,762,5,RoadType,serpentine
1026,698,3,RoadType,highway
1026,761,3,RoadType,highway
1026,760,1,RoadType,highway
1026,731,1,RoadType,highway
1026,286,5,RoadType,highway
1026,276,1,RoadType,highway
1026,762,5,RoadType,city
1026,699,3,RoadType,city
1026,698,3,naturalphenomena,night
1026,294,3,naturalphenomena,night
1026,696,1,naturalphenomena,day time
1026,730,1,naturalphenomena,day time
1026,747,5,naturalphenomena,afternoon
1026,692,3,naturalphenomena,afternoon
1026,686,5,mood,sad
1026,282,5,mood,sad
1026,761,4,mood,lazy
1026,696,1,mood,happy
1026,275,1,mood,active
1026,703,1,mood,active
1026,290,1,landscape,urban
1026,266,5,landscape,urban
1026,686,5,landscape,urban
1026,747,5,landscape,mountains
1026,276,1,landscape,mountains
1026,266,3,landscape,country side
1026,731,1,landscape,country side
1026,275,1,landscape,country side
1026,762,5,landscape,coast line
1026,698,3,landscape,coast line
1026,275,1,DrivingStyle,sport driving
1026,760,1,DrivingStyle,sport driving
1026,290,1,DrivingStyle,sport driving
1026,266,4,DrivingStyle,sport driving
1026,290,5,DrivingStyle,relaxed driving
1026,276,1,DrivingStyle,relaxed driving
1026,286,2,DrivingStyle,relaxed driving
1026,699,4,DrivingStyle,relaxed driving
1026,760,1,DrivingStyle,relaxed driving
1026,731,1,DrivingStyle,relaxed driving
1026,294,3,DrivingStyle,relaxed driving
1027,258,4,weather,sunny
1027,722,3,weather,sunny
1027,703,3,weather,sunny
1027,746,2,weather,snowing
1027,710,1,weather,rainy
1027,260,3,trafficConditions,traffic jam
1027,703,5,trafficConditions,free road
1027,712,1,RoadType,serpentine
1027,710,2,RoadType,highway
1027,722,1,RoadType,highway
1027,746,4,RoadType,city
1027,698,2,RoadType,city
1027,260,1,RoadType,city
1027,728,0,naturalphenomena,night
1027,698,5,naturalphenomena,night
1027,681,1,naturalphenomena,morning
1027,258,3,naturalphenomena,afternoon
1027,260,3,naturalphenomena,afternoon
1027,746,3,naturalphenomena,afternoon
1027,728,0,mood,sad
1027,722,3,mood,sad
1027,703,4,mood,sad
1027,710,1,mood,lazy
1027,698,4,mood,lazy
1027,712,5,mood,happy
1027,728,0,landscape,urban
1027,681,1,landscape,mountains
1027,681,4,landscape,coast line
1027,712,5,landscape,coast line
1027,258,1,DrivingStyle,relaxed driving
1028,702,1,weather,snowing
1028,702,1,weather,rainy
1028,252,4,trafficConditions,lots of cars
1028,738,1,RoadType,city
1028,738,1,naturalphenomena,day time
1028,702,1,landscape,urban
1028,252,1,landscape,urban
1028,252,1,landscape,coast line
1028,738,2,DrivingStyle,sport driving
1029,690,2,weather,snowing
1029,674,4,trafficConditions,traffic jam
1029,674,5,sleepiness,awake
1029,690,4,naturalphenomena,night
1029,283,1,naturalphenomena,day time
1029,699,1,naturalphenomena,day time
1029,745,3,naturalphenomena,afternoon
1029,699,3,mood,happy
1029,283,5,mood,active
1029,745,3,landscape,urban
1029,283,1,landscape,mountains
1029,699,4,landscape,mountains
1029,690,1,landscape,coast line
1029,745,2,DrivingStyle,relaxed driving
1029,674,4,DrivingStyle,relaxed driving
1030,760,3,weather,sunny
1030,751,1,weather,snowing
1030,273,3,weather,cloudy
1030,259,2,sleepiness,awake
1030,273,2,RoadType,serpentine
1030,687,5,RoadType,serpentine
1030,732,3,RoadType,highway
1030,259,2,RoadType,city
1030,753,2,RoadType,city
1030,760,5,naturalphenomena,morning
1030,259,3,naturalphenomena,morning
1030,736,4,naturalphenomena,afternoon
1030,687,4,mood,lazy
1030,725,2,mood,lazy
1030,751,5,mood,lazy
1030,702,3,mood,happy
1030,725,4,mood,active
1030,753,4,mood,active
1030,753,3,landscape,urban
1030,725,3,landscape,urban
1030,732,2,landscape,urban
1030,702,4,landscape,mountains
1030,736,5,landscape,country side
1030,702,2,landscape,country side
1030,687,4,landscape,coast line
1030,732,2,landscape,coast line
1030,751,4,DrivingStyle,sport driving
1030,273,5,DrivingStyle,relaxed driving
1030,760,4,DrivingStyle,relaxed driving
1030,736,5,DrivingStyle,relaxed driving
1031,251,3,weather,snowing
1031,254,1,trafficConditions,traffic jam
1031,739,3,trafficConditions,traffic jam
1031,251,2,sleepiness,awake
1031,265,4,sleepiness,awake
1031,739,3,RoadType,city
1031,265,4,RoadType,city
1031,724,3,naturalphenomena,day time
1031,251,4,mood,happy
1031,265,4,mood,active
1031,254,1,mood,active
1031,724,4,landscape,urban
1031,254,2,landscape,country side
1031,739,3,landscape,coast line
1031,724,3,DrivingStyle,sport driving
1032,684,4,weather,sunny
1032,742,2,weather,rainy
1032,716,0,weather,rainy
1032,675,4,weather,cloudy
1032,724,0,weather,cloudy
1032,731,1,trafficConditions,traffic jam
1032,724,0,trafficConditions,traffic jam
1032,755,1,trafficConditions,traffic jam
1032,716,0,trafficConditions,traffic jam
1032,682,2,trafficConditions,traffic jam
1032,719,2,trafficConditions,lots of cars
1032,727,1,trafficConditions,lots of cars
1032,758,2,trafficConditions,lots of cars
1032,295,5,trafficConditions,free road
1032,758,4,trafficConditions,free road
1032,250,0,sleepiness,sleepy
1032,728,1,sleepiness,awake
1032,740,1,sleepiness,awake
1032,731,1,RoadType,serpentine
1032,250,0,RoadType,serpentine
1032,295,5,RoadType,highway
1032,742,4,RoadType,city
1032,262,1,naturalphenomena,morning
1032,719,4,naturalphenomena,morning
1032,682,2,naturalphenomena,day time
1032,684,4,naturalphenomena,day time
1032,742,5,naturalphenomena,day time
1032,728,1,naturalphenomena,afternoon
1032,744,3,naturalphenomena,afternoon
1032,252,1,mood,sad
1032,295,3,mood,sad
1032,262,1,mood,sad
1032,715,4,mood,sad
1032,755,2,mood,lazy
1032,715,4,mood,lazy
1032,727,3,mood,lazy
1032,728,1,mood,happy
1032,715,2,mood,happy
1032,744,3,landscape,urban
1032,250,0,landscape,urban
1032,252,2,landscape,urban
1032,724,0,landscape,mountains
1032,744,2,landscape,mountains
1032,758,3,landscape,mountains
1032,705,4,landscape,mountains
1032,262,1,landscape,mountains
1032,682,2,landscape,country side
1032,675,2,landscape,country side
1032,755,2,landscape,country side
1032,727,4,landscape,coast line
1032,705,4,landscape,coast line
1032,252,3,landscape,coast line
1032,684,3,landscape,coast line
1032,716,0,DrivingStyle,sport driving
1032,740,1,DrivingStyle,sport driving
1032,740,1,DrivingStyle,relaxed driving
1032,731,1,DrivingStyle,relaxed driving
1032,675,5,DrivingStyle,relaxed driving
1032,705,4,DrivingStyle,relaxed driving
1032,719,4,DrivingStyle,relaxed driving
1033,716,5,weather,sunny
1033,734,1,weather,sunny
1033,760,4,weather,sunny
1033,681,5,weather,sunny
1033,737,1,weather,sunny
1033,686,3,weather,sunny
1033,727,5,weather,sunny
1033,721,2,weather,sunny
1033,714,5,weather,sunny
1033,749,1,weather,snowing
1033,728,1,weather,snowing
1033,712,2,weather,snowing
1033,710,3,weather,snowing
1033,253,5,weather,snowing
1033,761,4,weather,snowing
1033,252,4,weather,snowing
1033,289,1,weather,snowing
1033,687,1,weather,snowing
1033,738,1,weather,snowing
1033,684,4,weather,snowing
1033,276,1,weather,snowing
1033,737,4,weather,rainy
1033,696,1,weather,rainy
1033,267,3,weather,rainy
1033,296,3,weather,rainy
1033,270,1,weather,rainy
1033,757,3,weather,rainy
1033,289,4,weather,rainy
1033,729,2,weather,rainy
1033,280,1,weather,rainy
1033,273,2,weather,cloudy
1033,248,5,weather,cloudy
1033,686,2,weather,cloudy
1033,754,2,weather,cloudy
1033,760,2,weather,cloudy
1033,266,4,weather,cloudy
1033,757,2,weather,cloudy
1033,683,1,weather,cloudy
1033,729,1,weather,cloudy
1033,742,2,weather,cloudy
1033,695,2,weather,cloudy
1033,290,4,weather,cloudy
1033,250,4,weather,cloudy
1033,721,3,weather,cloudy
1033,698,2,trafficConditions,traffic jam
1033,266,2,trafficConditions,traffic jam
1033,694,3,trafficConditions,traffic jam
1033,696,1,trafficConditions,traffic jam
1033,708,1,trafficConditions,traffic jam
1033,265,4,trafficConditions,traffic jam
1033,681,3,trafficConditions,traffic jam
1033,274,1,trafficConditions,traffic jam
1033,732,1,trafficConditions,traffic jam
1033,756,1,trafficConditions,traffic jam
1033,281,2,trafficConditions,traffic jam
1033,250,1,trafficConditions,traffic jam
1033,729,2,trafficConditions,traffic jam
1033,714,1,trafficConditions,traffic jam
1033,758,1,trafficConditions,traffic jam
1033,276,1,trafficConditions,traffic jam
1033,711,1,trafficConditions,traffic jam
1033,762,1,trafficConditions,lots of cars
1033,709,1,trafficConditions,lots of cars
1033,706,2,trafficConditions,lots of cars
1033,708,2,trafficConditions,lots of cars
1033,274,3,trafficConditions,lots of cars
1033,279,1,trafficConditions,lots of cars
1033,717,1,trafficConditions,lots of cars
1033,751,4,trafficConditions,lots of cars
1033,722,2,trafficConditions,lots of cars
1033,291,2,trafficConditions,lots of cars
1033,756,1,trafficConditions,lots of cars
1033,687,3,trafficConditions,lots of cars
1033,280,2,trafficConditions,lots of cars
1033,290,2,trafficConditions,lots of cars
1033,679,2,trafficConditions,lots of cars
1033,733,1,trafficConditions,lots of cars
1033,705,2,trafficConditions,lots of cars
1033,254,2,trafficConditions,lots of cars
1033,286,2,trafficConditions,lots of cars
1033,708,5,trafficConditions,free road
1033,713,2,trafficConditions,free road
1033,710,4,trafficConditions,free road
1033,736,5,trafficConditions,free road
1033,735,3,trafficConditions,free road
1033,674,2,trafficConditions,free road
1033,731,1,trafficConditions,free road
1033,249,5,trafficConditions,free road
1033,685,4,trafficConditions,free road
1033,680,2,trafficConditions,free road
1033,279,3,trafficConditions,free road
1033,734,1,trafficConditions,free road
1033,270,1,trafficConditions,free road
1033,732,1,trafficConditions,free road
1033,748,2,trafficConditions,free road
1033,257,3,trafficConditions,free road
1033,679,3,trafficConditions,free road
1033,703,4,trafficConditions,free road
1033,250,3,trafficConditions,free road
1033,254,4,trafficConditions,free road
1033,685,3,sleepiness,sleepy
1033,674,3,sleepiness,sleepy
1033,273,1,sleepiness,sleepy
1033,269,4,sleepiness,sleepy
1033,265,4,sleepiness,sleepy
1033,270,1,sleepiness,sleepy
1033,684,2,sleepiness,sleepy
1033,690,4,sleepiness,sleepy
1033,257,1,sleepiness,sleepy
1033,674,1,sleepiness,awake
1033,251,3,sleepiness,awake
1033,280,3,sleepiness,awake
1033,714,3,sleepiness,awake
1033,749,1,RoadType,serpentine
1033,754,4,RoadType,serpentine
1033,295,5,RoadType,serpentine
1033,255,5,RoadType,serpentine
1033,267,2,RoadType,serpentine
1033,291,4,RoadType,serpentine
1033,252,3,RoadType,serpentine
1033,742,3,RoadType,serpentine
1033,287,4,RoadType,serpentine
1033,700,5,RoadType,serpentine
1033,283,4,RoadType,serpentine
1033,705,1,RoadType,serpentine
1033,690,3,RoadType,serpentine
1033,682,4,RoadType,serpentine
1033,675,4,RoadType,serpentine
1033,261,3,RoadType,serpentine
1033,746,5,RoadType,serpentine
1033,680,3,RoadType,highway
1033,279,3,RoadType,highway
1033,759,3,RoadType,highway
1033,760,5,RoadType,highway
1033,249,4,RoadType,highway
1033,267,5,RoadType,highway
1033,255,4,RoadType,highway
1033,735,3,RoadType,highway
1033,725,2,RoadType,highway
1033,295,5,RoadType,highway
1033,734,1,RoadType,highway
1033,678,2,RoadType,highway
1033,284,3,RoadType,highway
1033,697,3,RoadType,highway
1033,722,5,RoadType,highway
1033,723,2,RoadType,highway
1033,720,5,RoadType,highway
1033,281,5,RoadType,highway
1033,278,3,RoadType,highway
1033,753,3,RoadType,highway
1033,682,4,RoadType,highway
1033,746,5,RoadType,highway
1033,679,3,RoadType,highway
1033,741,2,RoadType,city
1033,698,3,RoadType,city
1033,676,4,RoadType,city
1033,269,5,RoadType,city
1033,680,4,RoadType,city
1033,296,3,RoadType,city
1033,709,4,RoadType,city
1033,266,5,RoadType,city
1033,707,3,RoadType,city
1033,285,5,RoadType,city
1033,715,5,naturalphenomena,night
1033,712,3,naturalphenomena,night
1033,752,4,naturalphenomena,night
1033,741,2,naturalphenomena,night
1033,683,1,naturalphenomena,night
1033,707,3,naturalphenomena,night
1033,261,5,naturalphenomena,night
1033,259,1,naturalphenomena,night
1033,710,1,naturalphenomena,morning
1033,741,1,naturalphenomena,morning
1033,715,3,naturalphenomena,morning
1033,253,3,naturalphenomena,morning
1033,252,2,naturalphenomena,morning
1033,683,2,naturalphenomena,morning
1033,285,2,naturalphenomena,morning
1033,278,1,naturalphenomena,morning
1033,257,2,naturalphenomena,morning
1033,743,4,naturalphenomena,morning
1033,726,1,naturalphenomena,morning
1033,709,3,naturalphenomena,day time
1033,736,1,naturalphenomena,day time
1033,747,3,naturalphenomena,day time
1033,688,1,naturalphenomena,day time
1033,762,1,naturalphenomena,day time
1033,676,2,naturalphenomena,day time
1033,761,5,naturalphenomena,day time
1033,732,1,naturalphenomena,day time
1033,259,1,naturalphenomena,day time
1033,743,3,naturalphenomena,day time
1033,711,1,naturalphenomena,day time
1033,255,3,naturalphenomena,afternoon
1033,728,1,naturalphenomena,afternoon
1033,755,3,naturalphenomena,afternoon
1033,712,5,naturalphenomena,afternoon
1033,685,3,naturalphenomena,afternoon
1033,282,4,naturalphenomena,afternoon
1033,696,1,naturalphenomena,afternoon
1033,253,4,naturalphenomena,afternoon
1033,692,4,naturalphenomena,afternoon
1033,702,1,naturalphenomena,afternoon
1033,756,2,naturalphenomena,afternoon
1033,283,3,naturalphenomena,afternoon
1033,675,2,naturalphenomena,afternoon
1033,692,1,mood,sad
1033,736,3,mood,sad
1033,719,5,mood,sad
1033,678,3,mood,sad
1033,251,5,mood,sad
1033,273,1,mood,sad
1033,286,4,mood,sad
1033,746,4,mood,sad
1033,259,1,mood,sad
1033,282,3,mood,lazy
1033,724,3,mood,lazy
1033,262,1,mood,lazy
1033,754,4,mood,lazy
1033,700,2,mood,lazy
1033,742,2,mood,lazy
1033,733,2,mood,lazy
1033,747,5,mood,happy
1033,248,4,mood,happy
1033,725,2,mood,happy
1033,702,1,mood,happy
1033,737,1,mood,happy
1033,717,1,mood,happy
1033,723,4,mood,happy
1033,720,2,mood,happy
1033,281,3,mood,happy
1033,695,3,mood,happy
1033,703,5,mood,happy
1033,753,3,mood,happy
1033,275,1,mood,happy
1033,289,5,mood,happy
1033,752,2,mood,active
1033,296,5,mood,active
1033,724,1,mood,active
1033,704,4,mood,active
1033,249,1,mood,active
1033,731,1,mood,active
1033,248,1,mood,active
1033,713,1,mood,active
1033,262,1,mood,active
1033,727,2,mood,active
1033,699,2,mood,active
1033,254,2,mood,active
1033,292,1,mood,active
1033,726,2,mood,active
1033,687,2,mood,active
1033,704,3,landscape,urban
1033,762,1,landscape,urban
1033,694,4,landscape,urban
1033,688,3,landscape,urban
1033,751,3,landscape,urban
1033,676,4,landscape,urban
1033,717,1,landscape,urban
1033,735,1,landscape,urban
1033,282,5,landscape,urban
1033,748,3,landscape,urban
1033,720,3,landscape,urban
1033,757,3,landscape,urban
1033,733,2,landscape,urban
1033,275,1,landscape,urban
1033,682,5,landscape,urban
1033,261,1,landscape,urban
1033,684,3,landscape,urban
1033,718,5,landscape,urban
1033,675,3,landscape,urban
1033,251,3,landscape,mountains
1033,725,4,landscape,mountains
1033,731,1,landscape,mountains
1033,265,3,landscape,mountains
1033,292,4,landscape,mountains
1033,738,1,landscape,mountains
1033,718,2,landscape,mountains
1033,286,4,landscape,mountains
1033,278,3,landscape,mountains
1033,287,5,landscape,mountains
1033,707,5,landscape,mountains
1033,743,5,landscape,mountains
1033,695,3,landscape,mountains
1033,692,4,landscape,country side
1033,719,5,landscape,country side
1033,686,2,landscape,country side
1033,755,4,landscape,country side
1033,759,2,landscape,country side
1033,689,5,landscape,country side
1033,727,4,landscape,country side
1033,722,4,landscape,country side
1033,699,3,landscape,country side
1033,726,1,landscape,country side
1033,758,2,landscape,country side
1033,681,5,landscape,coast line
1033,752,3,landscape,coast line
1033,689,4,landscape,coast line
1033,755,5,landscape,coast line
1033,698,5,landscape,coast line
1033,751,1,landscape,coast line
1033,284,3,landscape,coast line
1033,697,2,landscape,coast line
1033,291,4,landscape,coast line
1033,283,4,landscape,coast line
1033,276,3,landscape,coast line
1033,738,1,landscape,coast line
1033,721,5,landscape,coast line
1033,703,4,landscape,coast line
1033,758,2,landscape,coast line
1033,290,5,landscape,coast line
1033,274,1,DrivingStyle,sport driving
1033,678,1,DrivingStyle,sport driving
1033,704,2,DrivingStyle,sport driving
1033,716,2,DrivingStyle,sport driving
1033,715,2,DrivingStyle,sport driving
1033,688,4,DrivingStyle,sport driving
1033,747,1,DrivingStyle,sport driving
1033,702,1,DrivingStyle,sport driving
1033,706,2,DrivingStyle,sport driving
1033,262,1,DrivingStyle,sport driving
1033,719,2,DrivingStyle,sport driving
1033,761,1,DrivingStyle,sport driving
1033,697,2,DrivingStyle,sport driving
1033,699,4,DrivingStyle,sport driving
1033,292,1,DrivingStyle,sport driving
1033,275,1,DrivingStyle,sport driving
1033,705,1,DrivingStyle,sport driving
1033,759,1,DrivingStyle,relaxed driving
1033,689,3,DrivingStyle,relaxed driving
1033,269,2,DrivingStyle,relaxed driving
1033,749,2,DrivingStyle,relaxed driving
1033,706,4,DrivingStyle,relaxed driving
1033,716,4,DrivingStyle,relaxed driving
1033,728,1,DrivingStyle,relaxed driving
1033,694,2,DrivingStyle,relaxed driving
1033,713,1,DrivingStyle,relaxed driving
1033,724,5,DrivingStyle,relaxed driving
1033,295,5,DrivingStyle,relaxed driving
1033,284,2,DrivingStyle,relaxed driving
1033,723,3,DrivingStyle,relaxed driving
1033,748,1,DrivingStyle,relaxed driving
1033,700,5,DrivingStyle,relaxed driving
1033,718,3,DrivingStyle,relaxed driving
1033,690,2,DrivingStyle,relaxed driving
1033,287,3,DrivingStyle,relaxed driving
1033,753,2,DrivingStyle,relaxed driving
1033,711,2,DrivingStyle,relaxed driving
1033,285,3,DrivingStyle,relaxed driving
1034,295,3,trafficConditions,lots of cars
1034,295,3,mood,lazy
1034,295,3,mood,active
1035,276,0,weather,sunny
1035,726,3,weather,sunny
1035,683,2,weather,sunny
1035,254,2,weather,snowing
1035,690,2,weather,snowing
1035,255,4,weather,cloudy
1035,747,1,weather,cloudy
1035,747,1,trafficConditions,traffic jam
1035,276,0,trafficConditions,traffic jam
1035,726,2,trafficConditions,traffic jam
1035,739,2,trafficConditions,lots of cars
1035,739,3,trafficConditions,free road
1035,262,3,trafficConditions,free road
1035,250,1,sleepiness,sleepy
1035,684,2,RoadType,serpentine
1035,676,2,RoadType,serpentine
1035,747,1,RoadType,serpentine
1035,707,2,RoadType,serpentine
1035,674,1,RoadType,serpentine
1035,250,1,RoadType,serpentine
1035,730,1,RoadType,highway
1035,758,3,RoadType,highway
1035,262,3,RoadType,highway
1035,739,2,RoadType,highway
1035,674,3,RoadType,highway
1035,684,1,RoadType,city
1035,254,2,RoadType,city
1035,284,3,RoadType,city
1035,690,4,naturalphenomena,night
1035,255,2,naturalphenomena,morning
1035,676,4,naturalphenomena,day time
1035,704,0,naturalphenomena,day time
1035,690,3,naturalphenomena,afternoon
1035,255,4,naturalphenomena,afternoon
1035,684,1,naturalphenomena,afternoon
1035,676,3,mood,lazy
1035,250,1,mood,lazy
1035,707,1,mood,lazy
1035,291,1,mood,lazy
1035,718,1,mood,lazy
1035,718,1,mood,happy
1035,683,2,mood,active
1035,707,1,mood,active
1035,291,1,mood,active
1035,262,3,mood,active
1035,254,2,landscape,urban
1035,284,3,landscape,urban
1035,730,1,landscape,urban
1035,758,4,landscape,mountains
1035,674,1,landscape,mountains
1035,704,0,landscape,mountains
1035,683,2,landscape,country side
1035,730,2,landscape,coast line
1035,704,0,landscape,coast line
1035,291,2,landscape,coast line
1035,284,3,DrivingStyle,relaxed driving
1035,276,0,DrivingStyle,relaxed driving
1035,758,4,DrivingStyle,relaxed driving
1035,726,3,DrivingStyle,relaxed driving
1035,718,1,DrivingStyle,relaxed driving
1036,745,1,weather,sunny
1036,693,4,weather,sunny
1036,746,4,weather,sunny
1036,749,2,weather,snowing
1036,679,2,weather,snowing
1036,278,1,weather,snowing
1036,251,5,weather,snowing
1036,288,1,weather,snowing
1036,732,3,weather,rainy
1036,742,4,weather,cloudy
1036,749,3,weather,cloudy
1036,276,5,trafficConditions,traffic jam
1036,685,2,trafficConditions,traffic jam
1036,261,2,trafficConditions,lots of cars
1036,278,2,trafficConditions,free road
1036,278,1,sleepiness,sleepy
1036,266,1,sleepiness,sleepy
1036,745,2,sleepiness,awake
1036,691,3,sleepiness,awake
1036,760,2,RoadType,serpentine
1036,261,3,RoadType,serpentine
1036,271,2,RoadType,serpentine
1036,698,3,RoadType,serpentine
1036,759,3,RoadType,serpentine
1036,742,3,RoadType,highway
1036,698,3,RoadType,highway
1036,284,2,RoadType,highway
1036,693,2,RoadType,highway
1036,688,4,RoadType,city
1036,276,4,RoadType,city
1036,760,3,RoadType,city
1036,732,3,naturalphenomena,night
1036,679,3,naturalphenomena,morning
1036,297,1,naturalphenomena,morning
1036,288,3,naturalphenomena,morning
1036,266,3,naturalphenomena,day time
1036,258,3,naturalphenomena,day time
1036,759,3,naturalphenomena,afternoon
1036,698,3,naturalphenomena,afternoon
1036,679,2,mood,sad
1036,742,2,mood,sad
1036,258,1,mood,sad
1036,759,1,mood,sad
1036,251,5,mood,sad
1036,746,3,mood,lazy
1036,678,5,mood,lazy
1036,760,2,mood,lazy
1036,276,2,mood,happy
1036,746,4,mood,happy
1036,685,3,mood,happy
1036,288,4,landscape,urban
1036,680,3,landscape,urban
1036,678,5,landscape,mountains
1036,261,4,landscape,mountains
1036,685,2,landscape,mountains
1036,297,2,landscape,mountains
1036,745,1,landscape,mountains
1036,271,2,landscape,country side
1036,251,4,landscape,country side
1036,680,2,landscape,country side
1036,688,2,landscape,country side
1036,691,2,landscape,coast line
1036,749,3,landscape,coast line
1036,284,4,DrivingStyle,sport driving
1036,258,1,DrivingStyle,sport driving
1036,688,3,DrivingStyle,sport driving
1036,297,2,DrivingStyle,sport driving
1036,271,2,DrivingStyle,relaxed driving
1036,691,1,DrivingStyle,relaxed driving
1036,266,1,DrivingStyle,relaxed driving
1036,693,2,DrivingStyle,relaxed driving
1036,732,2,DrivingStyle,relaxed driving
1036,678,5,DrivingStyle,relaxed driving
1036,284,2,DrivingStyle,relaxed driving
1036,680,1,DrivingStyle,relaxed driving
1037,295,2,weather,cloudy
1037,743,2,trafficConditions,lots of cars
1037,270,1,sleepiness,awake
1037,270,1,RoadType,serpentine
1037,254,1,RoadType,serpentine
1037,254,1,RoadType,city
1037,743,2,RoadType,city
1037,254,1,naturalphenomena,night
1037,743,1,mood,lazy
1037,680,1,mood,lazy
1037,295,3,mood,happy
1037,295,4,landscape,mountains
1037,270,1,landscape,country side
1037,680,2,landscape,coast line
1037,680,1,DrivingStyle,sport driving
1038,252,1,weather,snowing
1038,729,1,trafficConditions,traffic jam
1038,722,4,trafficConditions,lots of cars
1038,684,3,trafficConditions,lots of cars
1038,252,5,sleepiness,sleepy
1038,729,1,sleepiness,sleepy
1038,252,1,RoadType,serpentine
1038,722,2,RoadType,city
1038,729,1,RoadType,city
1038,684,4,naturalphenomena,night
1038,722,1,naturalphenomena,afternoon
1038,692,3,naturalphenomena,afternoon
1038,684,5,landscape,mountains
1038,692,1,landscape,country side
1038,692,5,DrivingStyle,sport driving
1039,677,5,weather,sunny
1039,288,5,weather,sunny
1039,746,5,weather,sunny
1039,254,1,weather,sunny
1039,253,5,weather,rainy
1039,730,1,weather,rainy
1039,677,5,trafficConditions,lots of cars
1039,749,5,trafficConditions,lots of cars
1039,720,5,trafficConditions,lots of cars
1039,685,5,trafficConditions,lots of cars
1039,678,5,trafficConditions,lots of cars
1039,253,1,trafficConditions,free road
1039,256,1,sleepiness,sleepy
1039,265,5,sleepiness,awake
1039,721,3,RoadType,serpentine
1039,677,5,RoadType,serpentine
1039,720,1,RoadType,serpentine
1039,678,5,RoadType,highway
1039,265,5,RoadType,highway
1039,256,1,RoadType,highway
1039,749,5,RoadType,city
1039,717,3,RoadType,city
1039,730,1,RoadType,city
1039,749,5,naturalphenomena,night
1039,685,5,naturalphenomena,morning
1039,253,5,naturalphenomena,morning
1039,256,3,naturalphenomena,day time
1039,284,3,naturalphenomena,day time
1039,254,4,naturalphenomena,afternoon
1039,265,5,naturalphenomena,afternoon
1039,254,4,mood,sad
1039,685,3,mood,sad
1039,746,5,mood,lazy
1039,710,3,mood,lazy
1039,284,4,mood,active
1039,288,1,mood,active
1039,721,1,mood,active
1039,717,5,mood,active
1039,721,3,landscape,mountains
1039,710,3,landscape,mountains
1039,284,2,landscape,country side
1039,717,5,landscape,coast line
1039,288,1,DrivingStyle,sport driving
1039,746,3,DrivingStyle,sport driving
1039,678,5,DrivingStyle,sport driving
1039,720,1,DrivingStyle,sport driving
1039,710,5,DrivingStyle,sport driving
1039,730,3,DrivingStyle,relaxed driving
1040,754,4,weather,sunny
1040,754,1,weather,snowing
1040,719,1,trafficConditions,lots of cars
1040,678,1,trafficConditions,lots of cars
1040,699,4,trafficConditions,free road
1040,255,1,trafficConditions,free road
1040,255,4,sleepiness,sleepy
1040,719,4,RoadType,serpentine
1040,751,3,RoadType,highway
1040,719,1,naturalphenomena,night
1040,723,3,naturalphenomena,night
1040,753,4,naturalphenomena,morning
1040,751,3,naturalphenomena,morning
1040,258,1,naturalphenomena,morning
1040,699,4,naturalphenomena,morning
1040,678,2,naturalphenomena,morning
1040,700,3,naturalphenomena,day time
1040,723,1,naturalphenomena,day time
1040,255,1,naturalphenomena,afternoon
1040,753,1,mood,sad
1040,699,1,mood,lazy
1040,700,1,mood,lazy
1040,754,1,mood,lazy
1040,700,4,mood,happy
1040,753,2,landscape,mountains
1040,258,3,landscape,country side
1040,258,1,landscape,coast line
1040,723,1,DrivingStyle,sport driving
1040,751,4,DrivingStyle,relaxed driving
1040,678,4,DrivingStyle,relaxed driving
1041,285,1,weather,sunny
1041,685,2,weather,snowing
1041,725,1,weather,snowing
1041,278,1,weather,rainy
1041,725,1,trafficConditions,traffic jam
1041,278,1,sleepiness,sleepy
1041,285,2,naturalphenomena,night
1041,725,1,naturalphenomena,night
1041,278,1,naturalphenomena,night
1041,734,1,naturalphenomena,morning
1041,685,3,naturalphenomena,day time
1041,685,1,mood,sad
1041,734,1,mood,lazy
1041,285,1,landscape,mountains
1041,734,1,DrivingStyle,sport driving
1042,723,1,weather,sunny
1042,682,1,weather,sunny
1042,723,1,weather,snowing
1042,286,1,weather,snowing
1042,743,1,trafficConditions,traffic jam
1042,733,1,trafficConditions,traffic jam
1042,691,1,trafficConditions,lots of cars
1042,257,1,trafficConditions,lots of cars
1042,753,1,trafficConditions,free road
1042,691,1,sleepiness,sleepy
1042,257,1,RoadType,serpentine
1042,286,1,naturalphenomena,night
1042,743,1,naturalphenomena,night
1042,753,1,naturalphenomena,night
1042,716,1,naturalphenomena,night
1042,733,1,mood,lazy
1042,709,1,mood,lazy
1042,257,1,mood,lazy
1042,733,1,landscape,urban
1042,743,1,landscape,mountains
1042,682,1,landscape,mountains
1042,709,1,landscape,country side
1042,682,1,landscape,coast line
1042,716,1,landscape,coast line
1042,753,1,landscape,coast line
1042,709,1,landscape,coast line
1042,286,1,DrivingStyle,sport driving
1042,691,1,DrivingStyle,sport driving
1042,716,1,DrivingStyle,sport driving
1042,723,1,DrivingStyle,relaxed driving
